RESIDUE_ID,VDW,ELE,GB,SA,TOTAL,Mutation,score_method
lig-rec,-74.26,-167.31,133.9,-8.3,-115.97,Raw,VD-MM/GBSA
R-A-ARG-1,-0.01,-15.01,14.98,0.0,-0.04,Raw,VD-MM/GBSA
R-A-ALA-2,-0.01,-0.33,0.32,0.0,-0.02,Raw,VD-MM/GBSA
R-A-SER-3,-0.01,-0.47,0.45,0.0,-0.04,Raw,VD-MM/GBSA
R-A-ARG-4,-0.01,-7.02,7.03,0.0,0.0,Raw,VD-MM/GBSA
R-A-GLN-5,-0.01,0.04,-0.07,0.0,-0.04,Raw,VD-MM/GBSA
R-A-LEU-6,-0.04,-0.56,0.52,0.0,-0.07,Raw,VD-MM/GBSA
R-A-VAL-7,-0.01,-0.21,0.21,0.0,-0.02,Raw,VD-MM/GBSA
R-A-LEU-8,-0.01,-0.11,0.1,0.0,-0.01,Raw,VD-MM/GBSA
R-A-VAL-9,-0.02,-0.43,0.39,0.0,-0.06,Raw,VD-MM/GBSA
R-A-VAL-10,-0.03,-0.49,0.45,0.0,-0.07,Raw,VD-MM/GBSA
R-A-VAL-11,-0.01,-0.23,0.22,0.0,-0.02,Raw,VD-MM/GBSA
R-A-PHE-12,-0.01,-0.24,0.21,0.0,-0.04,Raw,VD-MM/GBSA
R-A-VAL-13,-0.03,-0.42,0.38,0.0,-0.06,Raw,VD-MM/GBSA
R-A-ALA-14,-0.01,-0.39,0.37,0.0,-0.03,Raw,VD-MM/GBSA
R-A-LEU-15,-0.01,-0.27,0.26,0.0,-0.02,Raw,VD-MM/GBSA
R-A-LEU-16,-0.01,-0.25,0.21,0.0,-0.05,Raw,VD-MM/GBSA
R-A-LEU-17,-0.04,-0.4,0.36,0.0,-0.08,Raw,VD-MM/GBSA
R-A-ASP-18,-0.01,-0.45,0.5,0.0,0.03,Raw,VD-MM/GBSA
R-A-ASN-19,-0.01,-0.46,0.43,0.0,-0.04,Raw,VD-MM/GBSA
R-A-MET-20,-0.02,-0.16,0.1,0.0,-0.08,Raw,VD-MM/GBSA
R-A-LEU-21,-0.02,-0.37,0.34,0.0,-0.05,Raw,VD-MM/GBSA
R-A-PHE-22,-0.01,-0.31,0.32,0.0,0.01,Raw,VD-MM/GBSA
R-A-THR-23,-0.01,-0.36,0.33,0.0,-0.03,Raw,VD-MM/GBSA
R-A-VAL-24,-0.02,-0.4,0.32,0.0,-0.1,Raw,VD-MM/GBSA
R-A-VAL-25,-0.01,-0.44,0.43,0.0,-0.02,Raw,VD-MM/GBSA
R-A-VAL-26,-0.0,-0.25,0.24,0.0,-0.01,Raw,VD-MM/GBSA
R-A-PRO-27,-0.01,-0.3,0.29,0.0,-0.02,Raw,VD-MM/GBSA
R-A-ILE-28,-0.03,-0.51,0.5,0.0,-0.04,Raw,VD-MM/GBSA
R-A-VAL-29,-0.01,-0.58,0.57,0.0,-0.01,Raw,VD-MM/GBSA
R-A-PRO-30,-0.0,-0.36,0.37,0.0,0.0,Raw,VD-MM/GBSA
R-A-THR-31,-0.01,-0.32,0.3,0.0,-0.03,Raw,VD-MM/GBSA
R-A-PHE-32,-0.04,-0.51,0.51,0.0,-0.04,Raw,VD-MM/GBSA
R-A-LEU-33,-0.01,-0.55,0.55,0.0,-0.01,Raw,VD-MM/GBSA
R-A-TYR-34,-0.01,0.02,-0.02,0.0,-0.01,Raw,VD-MM/GBSA
R-A-ASP-35,-0.01,-15.14,15.1,0.0,-0.06,Raw,VD-MM/GBSA
R-A-MET-36,-0.02,-0.32,0.31,0.0,-0.03,Raw,VD-MM/GBSA
R-A-GLU-37,-0.01,-10.92,10.93,0.0,0.01,Raw,VD-MM/GBSA
R-A-PHE-38,-0.01,-0.01,0.01,0.0,-0.01,Raw,VD-MM/GBSA
R-A-LYS-39,-0.03,21.02,-21.34,0.0,-0.34,Raw,VD-MM/GBSA
R-A-GLU-40,-0.01,-14.28,14.28,0.0,-0.01,Raw,VD-MM/GBSA
R-A-VAL-41,-0.0,-0.12,0.11,0.0,-0.01,Raw,VD-MM/GBSA
R-A-ASN-42,-0.01,0.64,-0.67,0.0,-0.04,Raw,VD-MM/GBSA
R-A-SER-43,-0.01,0.05,-0.08,0.0,-0.04,Raw,VD-MM/GBSA
R-A-SER-44,-0.0,-0.38,0.38,0.0,-0.01,Raw,VD-MM/GBSA
R-A-LEU-45,-0.0,-0.01,0.0,0.0,-0.01,Raw,VD-MM/GBSA
R-A-HIE-46,-0.02,0.34,-0.41,0.0,-0.09,Raw,VD-MM/GBSA
R-A-LEU-47,-0.02,-0.14,0.12,0.0,-0.04,Raw,VD-MM/GBSA
R-A-GLY-48,-0.0,-0.07,0.06,0.0,-0.01,Raw,VD-MM/GBSA
R-A-HIE-49,-0.01,0.08,-0.1,0.0,-0.03,Raw,VD-MM/GBSA
R-A-ALA-50,-0.01,-0.04,0.02,0.0,-0.03,Raw,VD-MM/GBSA
R-A-GLY-51,-0.0,0.13,-0.14,0.0,-0.01,Raw,VD-MM/GBSA
R-A-SER-52,-0.0,-0.36,0.34,0.0,-0.02,Raw,VD-MM/GBSA
R-A-SER-53,-0.0,-0.63,0.62,0.0,-0.01,Raw,VD-MM/GBSA
R-A-PRO-54,-0.0,-0.3,0.29,0.0,-0.01,Raw,VD-MM/GBSA
R-A-HIE-55,-0.0,-0.13,0.11,0.0,-0.02,Raw,VD-MM/GBSA
R-A-ALA-56,-0.01,0.0,-0.02,0.0,-0.03,Raw,VD-MM/GBSA
R-A-LEU-57,-0.0,-0.05,0.04,0.0,-0.02,Raw,VD-MM/GBSA
R-A-ALA-58,-0.01,0.03,-0.06,0.0,-0.04,Raw,VD-MM/GBSA
R-A-SER-59,-0.01,-0.73,0.7,0.0,-0.03,Raw,VD-MM/GBSA
R-A-PRO-60,-0.01,0.14,-0.15,0.0,-0.02,Raw,VD-MM/GBSA
R-A-ALA-61,-0.0,-0.19,0.17,0.0,-0.03,Raw,VD-MM/GBSA
R-A-PHE-62,-0.02,0.29,-0.33,0.0,-0.06,Raw,VD-MM/GBSA
R-A-SER-63,-0.01,0.05,-0.13,0.0,-0.1,Raw,VD-MM/GBSA
R-A-THR-64,-0.01,0.03,-0.05,0.0,-0.03,Raw,VD-MM/GBSA
R-A-ILE-65,-0.03,0.41,-0.44,0.0,-0.06,Raw,VD-MM/GBSA
R-A-PHE-66,-0.01,-0.07,0.04,0.0,-0.04,Raw,VD-MM/GBSA
R-A-SER-67,-0.02,0.55,-0.61,0.0,-0.08,Raw,VD-MM/GBSA
R-A-PHE-68,-0.01,0.36,-0.38,0.0,-0.03,Raw,VD-MM/GBSA
R-A-PHE-69,-0.03,0.57,-0.62,0.0,-0.09,Raw,VD-MM/GBSA
R-A-ASN-70,-0.02,0.53,-0.64,0.0,-0.12,Raw,VD-MM/GBSA
R-A-ASN-71,-0.0,0.06,-0.07,0.0,-0.01,Raw,VD-MM/GBSA
R-A-ASN-72,-0.0,0.57,-0.6,0.0,-0.04,Raw,VD-MM/GBSA
R-A-THR-73,-0.0,0.03,-0.04,0.0,-0.0,Raw,VD-MM/GBSA
R-A-VAL-74,-0.0,-0.09,0.09,0.0,-0.01,Raw,VD-MM/GBSA
R-A-ALA-75,0.0,0.09,-0.09,0.0,-0.0,Raw,VD-MM/GBSA
R-A-VAL-76,-0.0,0.09,-0.09,0.0,-0.0,Raw,VD-MM/GBSA
R-A-GLU-77,-0.0,-7.47,7.47,0.0,0.01,Raw,VD-MM/GBSA
R-A-GLU-78,-0.0,-10.53,10.53,0.0,0.0,Raw,VD-MM/GBSA
R-A-SER-79,-0.0,-0.1,0.1,0.0,-0.0,Raw,VD-MM/GBSA
R-A-VAL-80,0.0,0.16,-0.16,0.0,0.0,Raw,VD-MM/GBSA
R-A-PRO-81,-0.0,0.01,-0.01,0.0,-0.0,Raw,VD-MM/GBSA
R-A-SER-82,0.0,-0.13,0.13,0.0,0.0,Raw,VD-MM/GBSA
R-A-GLY-83,0.0,0.05,-0.05,0.0,0.0,Raw,VD-MM/GBSA
R-A-ILE-84,0.0,0.09,-0.09,0.0,0.0,Raw,VD-MM/GBSA
R-A-ALA-85,0.0,0.02,-0.02,0.0,-0.0,Raw,VD-MM/GBSA
R-A-TRP-86,0.0,0.03,-0.03,0.0,-0.0,Raw,VD-MM/GBSA
R-A-MET-87,0.0,-0.12,0.12,0.0,-0.0,Raw,VD-MM/GBSA
R-A-ASN-88,-0.0,-0.01,0.01,0.0,0.0,Raw,VD-MM/GBSA
R-A-ASP-89,0.0,-5.68,5.68,0.0,0.0,Raw,VD-MM/GBSA
R-A-THR-90,0.0,0.03,-0.04,0.0,-0.0,Raw,VD-MM/GBSA
R-A-ALA-91,0.0,0.05,-0.05,0.0,0.0,Raw,VD-MM/GBSA
R-A-SER-92,0.0,0.09,-0.09,0.0,0.0,Raw,VD-MM/GBSA
R-A-THR-93,0.0,0.01,-0.01,0.0,0.0,Raw,VD-MM/GBSA
R-A-ILE-94,0.0,0.01,-0.01,0.0,0.0,Raw,VD-MM/GBSA
R-A-PRO-95,0.0,-0.12,0.12,0.0,-0.0,Raw,VD-MM/GBSA
R-A-PRO-96,0.0,0.12,-0.12,0.0,-0.0,Raw,VD-MM/GBSA
R-A-PRO-97,0.0,0.06,-0.06,0.0,-0.0,Raw,VD-MM/GBSA
R-A-ALA-98,0.0,-0.08,0.08,0.0,0.0,Raw,VD-MM/GBSA
R-A-THR-99,0.0,-0.08,0.08,0.0,0.0,Raw,VD-MM/GBSA
R-A-GLU-100,0.0,-7.23,7.23,0.0,0.0,Raw,VD-MM/GBSA
R-A-ALA-101,0.0,-0.09,0.09,0.0,0.0,Raw,VD-MM/GBSA
R-A-ILE-102,0.0,-0.14,0.14,0.0,-0.0,Raw,VD-MM/GBSA
R-A-SER-103,0.0,-0.08,0.08,0.0,-0.0,Raw,VD-MM/GBSA
R-A-ALA-104,-0.0,-0.0,0.0,0.0,-0.0,Raw,VD-MM/GBSA
R-A-HIE-105,0.0,-0.28,0.28,0.0,0.0,Raw,VD-MM/GBSA
R-A-LYS-106,0.0,6.5,-6.5,0.0,-0.0,Raw,VD-MM/GBSA
R-A-ASN-107,0.0,0.27,-0.27,0.0,0.0,Raw,VD-MM/GBSA
R-A-ASN-108,-0.0,-0.09,0.09,0.0,-0.0,Raw,VD-MM/GBSA
R-A-CYS-109,0.0,-0.17,0.17,0.0,-0.0,Raw,VD-MM/GBSA
R-A-LEU-110,0.0,0.02,-0.02,0.0,-0.0,Raw,VD-MM/GBSA
R-A-GLN-111,-0.0,-0.19,0.2,0.0,0.0,Raw,VD-MM/GBSA
R-A-GLY-112,-0.0,0.0,-0.0,0.0,-0.0,Raw,VD-MM/GBSA
R-A-THR-113,-0.0,-0.05,0.05,0.0,-0.0,Raw,VD-MM/GBSA
R-A-GLY-114,0.0,0.15,-0.15,0.0,-0.0,Raw,VD-MM/GBSA
R-A-PHE-115,-0.0,0.21,-0.21,0.0,-0.0,Raw,VD-MM/GBSA
R-A-LEU-116,-0.0,0.09,-0.09,0.0,0.0,Raw,VD-MM/GBSA
R-A-GLU-117,-0.0,-5.77,5.78,0.0,0.01,Raw,VD-MM/GBSA
R-A-GLU-118,-0.0,-7.11,7.12,0.0,0.01,Raw,VD-MM/GBSA
R-A-GLU-119,-0.0,-8.98,9.0,0.0,0.01,Raw,VD-MM/GBSA
R-A-ILE-120,-0.0,0.09,-0.09,0.0,-0.0,Raw,VD-MM/GBSA
R-A-THR-121,-0.0,0.22,-0.22,0.0,-0.0,Raw,VD-MM/GBSA
R-A-ARG-122,-0.0,7.7,-7.72,0.0,-0.02,Raw,VD-MM/GBSA
R-A-VAL-123,-0.0,0.2,-0.2,0.0,-0.0,Raw,VD-MM/GBSA
R-A-GLY-124,-0.0,0.14,-0.14,0.0,0.0,Raw,VD-MM/GBSA
R-A-VAL-125,-0.0,0.31,-0.31,0.0,-0.0,Raw,VD-MM/GBSA
R-A-LEU-126,-0.0,0.38,-0.39,0.0,-0.01,Raw,VD-MM/GBSA
R-A-PHE-127,-0.0,0.22,-0.21,0.0,0.0,Raw,VD-MM/GBSA
R-A-ALA-128,-0.0,0.23,-0.23,0.0,-0.0,Raw,VD-MM/GBSA
R-A-SER-129,-0.0,0.36,-0.36,0.0,-0.01,Raw,VD-MM/GBSA
R-A-LYS-130,-0.0,0.84,-0.88,0.0,-0.05,Raw,VD-MM/GBSA
R-A-ALA-131,-0.0,0.28,-0.28,0.0,0.0,Raw,VD-MM/GBSA
R-A-VAL-132,-0.0,0.28,-0.28,0.0,-0.0,Raw,VD-MM/GBSA
R-A-MET-133,-0.0,0.24,-0.24,0.0,-0.01,Raw,VD-MM/GBSA
R-A-GLN-134,-0.0,0.01,-0.02,0.0,-0.01,Raw,VD-MM/GBSA
R-A-LEU-135,-0.0,0.28,-0.28,0.0,0.0,Raw,VD-MM/GBSA
R-A-LEU-136,-0.0,0.23,-0.24,0.0,-0.0,Raw,VD-MM/GBSA
R-A-VAL-137,-0.0,0.26,-0.27,0.0,-0.01,Raw,VD-MM/GBSA
R-A-ASN-138,-0.0,0.54,-0.54,0.0,-0.0,Raw,VD-MM/GBSA
R-A-PRO-139,-0.0,0.23,-0.23,0.0,0.0,Raw,VD-MM/GBSA
R-A-PHE-140,-0.0,0.28,-0.28,0.0,-0.0,Raw,VD-MM/GBSA
R-A-VAL-141,-0.0,0.43,-0.44,0.0,-0.01,Raw,VD-MM/GBSA
R-A-GLY-142,0.0,0.35,-0.35,0.0,-0.0,Raw,VD-MM/GBSA
R-A-PRO-143,-0.0,0.33,-0.33,0.0,-0.0,Raw,VD-MM/GBSA
R-A-LEU-144,-0.0,0.38,-0.38,0.0,-0.01,Raw,VD-MM/GBSA
R-A-THR-145,-0.0,0.47,-0.47,0.0,-0.01,Raw,VD-MM/GBSA
R-A-ASN-146,-0.0,0.31,-0.31,0.0,-0.0,Raw,VD-MM/GBSA
R-A-ARG-147,-0.0,-7.1,7.11,0.0,0.02,Raw,VD-MM/GBSA
R-A-ILE-148,-0.01,0.56,-0.57,0.0,-0.02,Raw,VD-MM/GBSA
R-A-GLY-149,-0.0,0.21,-0.23,0.0,-0.02,Raw,VD-MM/GBSA
R-A-TYR-150,-0.01,-0.1,0.08,0.0,-0.02,Raw,VD-MM/GBSA
R-A-HIE-151,-0.03,-1.32,1.25,0.0,-0.11,Raw,VD-MM/GBSA
R-A-ILE-152,-0.03,-0.5,0.49,0.0,-0.04,Raw,VD-MM/GBSA
R-A-PRO-153,-0.01,-0.16,0.16,0.0,-0.01,Raw,VD-MM/GBSA
R-A-MET-154,-0.02,-0.3,0.26,0.0,-0.06,Raw,VD-MM/GBSA
R-A-PHE-155,-0.22,-0.8,0.71,0.0,-0.31,Raw,VD-MM/GBSA
R-A-ALA-156,-0.02,-0.41,0.41,0.0,-0.03,Raw,VD-MM/GBSA
R-A-GLY-157,-0.01,-0.36,0.34,0.0,-0.03,Raw,VD-MM/GBSA
R-A-PHE-158,-0.23,-0.69,0.64,-0.01,-0.29,Raw,VD-MM/GBSA
R-A-VAL-159,-0.07,-0.77,0.73,0.0,-0.11,Raw,VD-MM/GBSA
R-A-ILE-160,-0.02,-0.52,0.5,0.0,-0.04,Raw,VD-MM/GBSA
R-A-MET-161,-0.03,-0.54,0.47,0.0,-0.1,Raw,VD-MM/GBSA
R-A-PHE-162,-0.64,-0.66,0.54,-0.07,-0.84,Raw,VD-MM/GBSA
R-A-LEU-163,-0.07,-0.74,0.74,0.0,-0.07,Raw,VD-MM/GBSA
R-A-SER-164,-0.02,-0.61,0.54,0.0,-0.08,Raw,VD-MM/GBSA
R-A-THR-165,-0.07,-0.46,0.22,0.0,-0.32,Raw,VD-MM/GBSA
R-A-VAL-166,-0.24,-0.72,0.58,-0.01,-0.4,Raw,VD-MM/GBSA
R-A-MET-167,-0.05,-0.77,0.73,0.0,-0.1,Raw,VD-MM/GBSA
R-A-PHE-168,-0.06,-0.71,0.55,0.0,-0.22,Raw,VD-MM/GBSA
R-A-ALA-169,-0.3,-0.81,0.37,-0.01,-0.74,Raw,VD-MM/GBSA
R-A-PHE-170,-2.52,-0.69,-0.07,-0.58,-3.86,Raw,VD-MM/GBSA
R-A-SER-171,-0.06,-1.16,1.07,0.0,-0.15,Raw,VD-MM/GBSA
R-A-GLY-172,-0.02,-0.38,0.34,0.0,-0.06,Raw,VD-MM/GBSA
R-A-THR-173,-0.01,-0.05,0.03,0.0,-0.03,Raw,VD-MM/GBSA
R-A-TYR-174,-0.01,0.15,-0.15,0.0,-0.01,Raw,VD-MM/GBSA
R-A-THR-175,-0.0,0.25,-0.26,0.0,-0.02,Raw,VD-MM/GBSA
R-A-LEU-176,-0.02,0.6,-0.63,0.0,-0.06,Raw,VD-MM/GBSA
R-A-LEU-177,-0.01,0.51,-0.53,0.0,-0.03,Raw,VD-MM/GBSA
R-A-PHE-178,-0.0,0.28,-0.28,0.0,-0.01,Raw,VD-MM/GBSA
R-A-VAL-179,-0.01,0.47,-0.5,0.0,-0.03,Raw,VD-MM/GBSA
R-A-ALA-180,-0.01,0.53,-0.55,0.0,-0.03,Raw,VD-MM/GBSA
R-A-ARG-181,-0.01,3.67,-3.74,0.0,-0.08,Raw,VD-MM/GBSA
R-A-THR-182,-0.0,0.22,-0.24,0.0,-0.01,Raw,VD-MM/GBSA
R-A-LEU-183,-0.01,0.43,-0.46,0.0,-0.04,Raw,VD-MM/GBSA
R-A-GLN-184,-0.01,-0.01,-0.03,0.0,-0.05,Raw,VD-MM/GBSA
R-A-GLY-185,-0.0,0.24,-0.23,0.0,0.0,Raw,VD-MM/GBSA
R-A-ILE-186,-0.01,0.26,-0.28,0.0,-0.03,Raw,VD-MM/GBSA
R-A-GLY-187,-0.0,0.42,-0.45,0.0,-0.03,Raw,VD-MM/GBSA
R-A-SER-188,-0.01,0.44,-0.45,0.0,-0.02,Raw,VD-MM/GBSA
R-A-SER-189,-0.0,0.24,-0.25,0.0,-0.01,Raw,VD-MM/GBSA
R-A-PHE-190,-0.01,0.18,-0.2,0.0,-0.03,Raw,VD-MM/GBSA
R-A-SER-191,-0.01,0.33,-0.36,0.0,-0.03,Raw,VD-MM/GBSA
R-A-SER-192,-0.0,0.33,-0.33,0.0,-0.0,Raw,VD-MM/GBSA
R-A-VAL-193,-0.0,0.01,-0.02,0.0,-0.01,Raw,VD-MM/GBSA
R-A-ALA-194,-0.0,0.09,-0.1,0.0,-0.02,Raw,VD-MM/GBSA
R-A-GLY-195,-0.0,0.29,-0.29,0.0,-0.01,Raw,VD-MM/GBSA
R-A-LEU-196,-0.0,0.18,-0.18,0.0,-0.0,Raw,VD-MM/GBSA
R-A-GLY-197,-0.0,-0.05,0.05,0.0,-0.0,Raw,VD-MM/GBSA
R-A-MET-198,-0.01,0.08,-0.08,0.0,-0.02,Raw,VD-MM/GBSA
R-A-LEU-199,-0.0,0.27,-0.28,0.0,-0.01,Raw,VD-MM/GBSA
R-A-ALA-200,-0.0,-0.02,0.02,0.0,-0.0,Raw,VD-MM/GBSA
R-A-SER-201,-0.0,-0.17,0.16,0.0,-0.0,Raw,VD-MM/GBSA
R-A-VAL-202,-0.0,0.15,-0.15,0.0,-0.01,Raw,VD-MM/GBSA
R-A-TYR-203,-0.0,-0.02,0.02,0.0,-0.0,Raw,VD-MM/GBSA
R-A-THR-204,-0.0,-0.23,0.23,0.0,0.0,Raw,VD-MM/GBSA
R-A-ASP-205,-0.0,4.46,-4.47,0.0,-0.01,Raw,VD-MM/GBSA
R-A-ASP-206,0.0,3.38,-3.38,0.0,-0.01,Raw,VD-MM/GBSA
R-A-HIE-207,-0.0,-0.17,0.17,0.0,-0.0,Raw,VD-MM/GBSA
R-A-GLU-208,-0.0,4.97,-4.98,0.0,-0.02,Raw,VD-MM/GBSA
R-A-ARG-209,-0.0,-4.72,4.73,0.0,0.01,Raw,VD-MM/GBSA
R-A-GLY-210,0.0,-0.04,0.04,0.0,0.0,Raw,VD-MM/GBSA
R-A-ARG-211,-0.0,-3.23,3.23,0.0,0.0,Raw,VD-MM/GBSA
R-A-ALA-212,-0.0,-0.19,0.19,0.0,-0.0,Raw,VD-MM/GBSA
R-A-MET-213,-0.0,-0.14,0.15,0.0,0.0,Raw,VD-MM/GBSA
R-A-GLY-214,0.0,-0.14,0.14,0.0,0.0,Raw,VD-MM/GBSA
R-A-THR-215,-0.0,-0.33,0.33,0.0,-0.01,Raw,VD-MM/GBSA
R-A-ALA-216,-0.0,-0.2,0.19,0.0,-0.0,Raw,VD-MM/GBSA
R-A-LEU-217,-0.0,-0.16,0.16,0.0,-0.0,Raw,VD-MM/GBSA
R-A-GLY-218,-0.0,-0.25,0.25,0.0,-0.0,Raw,VD-MM/GBSA
R-A-GLY-219,-0.0,-0.29,0.29,0.0,-0.01,Raw,VD-MM/GBSA
R-A-LEU-220,-0.0,-0.21,0.2,0.0,-0.01,Raw,VD-MM/GBSA
R-A-ALA-221,-0.0,-0.23,0.23,0.0,-0.0,Raw,VD-MM/GBSA
R-A-LEU-222,-0.01,-0.29,0.28,0.0,-0.02,Raw,VD-MM/GBSA
R-A-GLY-223,-0.0,-0.27,0.26,0.0,-0.01,Raw,VD-MM/GBSA
R-A-LEU-224,-0.0,-0.29,0.29,0.0,-0.0,Raw,VD-MM/GBSA
R-A-LEU-225,-0.0,-0.29,0.28,0.0,-0.01,Raw,VD-MM/GBSA
R-A-VAL-226,-0.01,-0.32,0.29,0.0,-0.04,Raw,VD-MM/GBSA
R-A-GLY-227,-0.0,-0.26,0.25,0.0,-0.01,Raw,VD-MM/GBSA
R-A-ALA-228,-0.0,-0.29,0.29,0.0,-0.01,Raw,VD-MM/GBSA
R-A-PRO-229,-0.01,-0.42,0.42,0.0,-0.01,Raw,VD-MM/GBSA
R-A-PHE-230,-0.08,-0.41,0.36,0.0,-0.13,Raw,VD-MM/GBSA
R-A-GLY-231,-0.01,-0.34,0.33,0.0,-0.02,Raw,VD-MM/GBSA
R-A-SER-232,-0.01,-0.43,0.42,0.0,-0.02,Raw,VD-MM/GBSA
R-A-VAL-233,-0.03,-0.68,0.63,0.0,-0.08,Raw,VD-MM/GBSA
R-A-MET-234,-0.22,-0.7,0.62,-0.02,-0.33,Raw,VD-MM/GBSA
R-A-TYR-235,-0.06,-0.57,0.52,0.0,-0.1,Raw,VD-MM/GBSA
R-A-GLU-236,-0.03,-11.91,11.83,0.0,-0.11,Raw,VD-MM/GBSA
R-A-PHE-237,-0.09,-0.52,0.22,0.0,-0.38,Raw,VD-MM/GBSA
R-A-VAL-238,-0.76,-1.11,0.51,-0.19,-1.54,Raw,VD-MM/GBSA
R-A-GLY-239,-0.13,1.14,-1.4,0.0,-0.39,Raw,VD-MM/GBSA
R-A-LYS-240,-0.2,12.92,-13.71,0.0,-0.99,Raw,VD-MM/GBSA
R-A-SER-241,-1.45,1.51,-2.65,-0.31,-2.9,Raw,VD-MM/GBSA
R-A-ALA-242,-1.13,0.32,-0.51,-0.1,-1.41,Raw,VD-MM/GBSA
R-A-PRO-243,-0.19,0.59,-0.55,0.0,-0.15,Raw,VD-MM/GBSA
R-A-PHE-244,-0.19,0.53,-0.71,0.0,-0.37,Raw,VD-MM/GBSA
R-A-LEU-245,-3.97,0.07,-0.87,-0.49,-5.26,Raw,VD-MM/GBSA
R-A-ILE-246,-1.49,0.22,-0.15,-0.27,-1.69,Raw,VD-MM/GBSA
R-A-LEU-247,-0.13,0.41,-0.54,0.0,-0.27,Raw,VD-MM/GBSA
R-A-ALA-248,-0.37,0.48,-0.82,-0.01,-0.73,Raw,VD-MM/GBSA
R-A-PHE-249,-4.63,0.53,-1.97,-0.91,-6.98,Raw,VD-MM/GBSA
R-A-LEU-250,-0.36,0.31,-0.48,0.0,-0.53,Raw,VD-MM/GBSA
R-A-ALA-251,-0.16,0.51,-0.73,0.0,-0.38,Raw,VD-MM/GBSA
R-A-LEU-252,-4.13,0.59,-1.18,-0.62,-5.35,Raw,VD-MM/GBSA
R-A-LEU-253,-1.79,0.27,-0.37,-0.22,-2.11,Raw,VD-MM/GBSA
R-A-ASP-254,-0.16,4.36,-4.44,0.0,-0.25,Raw,VD-MM/GBSA
R-A-GLY-255,-0.29,0.83,-1.09,0.0,-0.55,Raw,VD-MM/GBSA
R-A-ALA-256,-1.85,1.09,-1.43,-0.33,-2.53,Raw,VD-MM/GBSA
R-A-LEU-257,-0.34,0.76,-0.78,-0.0,-0.36,Raw,VD-MM/GBSA
R-A-GLN-258,-0.18,1.48,-1.68,0.0,-0.38,Raw,VD-MM/GBSA
R-A-LEU-259,-3.28,1.6,-2.62,-0.57,-4.87,Raw,VD-MM/GBSA
R-A-CYS-260,-1.04,1.55,-1.96,-0.25,-1.69,Raw,VD-MM/GBSA
R-A-ILE-261,-0.14,0.85,-0.96,0.0,-0.25,Raw,VD-MM/GBSA
R-A-LEU-262,-0.09,0.61,-0.78,0.0,-0.27,Raw,VD-MM/GBSA
R-A-GLN-263,-0.78,1.68,-2.4,-0.06,-1.56,Raw,VD-MM/GBSA
R-A-PRO-264,-0.55,0.39,-0.45,-0.02,-0.63,Raw,VD-MM/GBSA
R-A-SER-265,-0.59,-0.6,-0.04,-0.18,-1.42,Raw,VD-MM/GBSA
R-A-LYS-266,-0.15,-24.86,24.49,0.0,-0.51,Raw,VD-MM/GBSA
R-A-VAL-267,-0.02,0.26,-0.3,0.0,-0.05,Raw,VD-MM/GBSA
R-A-SER-268,-0.01,-0.18,0.16,0.0,-0.02,Raw,VD-MM/GBSA
R-A-PRO-269,-0.0,0.17,-0.18,0.0,-0.01,Raw,VD-MM/GBSA
R-A-GLU-270,-0.0,8.8,-8.83,0.0,-0.03,Raw,VD-MM/GBSA
R-A-SER-271,-0.0,-0.1,0.1,0.0,-0.0,Raw,VD-MM/GBSA
R-A-ALA-272,-0.0,0.23,-0.24,0.0,-0.0,Raw,VD-MM/GBSA
R-A-LYS-273,-0.0,-7.36,7.38,0.0,0.02,Raw,VD-MM/GBSA
R-A-GLY-274,0.0,0.09,-0.09,0.0,0.0,Raw,VD-MM/GBSA
R-A-THR-275,-0.0,0.2,-0.2,0.0,-0.0,Raw,VD-MM/GBSA
R-A-PRO-276,0.0,-0.07,0.07,0.0,0.0,Raw,VD-MM/GBSA
R-A-LEU-277,-0.0,-0.08,0.08,0.0,-0.0,Raw,VD-MM/GBSA
R-A-PHE-278,-0.0,-0.13,0.13,0.0,-0.0,Raw,VD-MM/GBSA
R-A-MET-279,0.0,-0.24,0.24,0.0,0.0,Raw,VD-MM/GBSA
R-A-LEU-280,-0.0,-0.15,0.15,0.0,-0.0,Raw,VD-MM/GBSA
R-A-LEU-281,-0.0,-0.08,0.08,0.0,-0.0,Raw,VD-MM/GBSA
R-A-LYS-282,0.0,-2.3,2.31,0.0,0.0,Raw,VD-MM/GBSA
R-A-ASP-283,-0.0,2.55,-2.55,0.0,-0.0,Raw,VD-MM/GBSA
R-A-PRO-284,0.0,-0.05,0.05,0.0,-0.0,Raw,VD-MM/GBSA
R-A-TYR-285,0.0,-0.1,0.1,0.0,0.0,Raw,VD-MM/GBSA
R-A-ILE-286,-0.0,-0.12,0.12,0.0,-0.0,Raw,VD-MM/GBSA
R-A-LEU-287,0.0,-0.03,0.03,0.0,0.0,Raw,VD-MM/GBSA
R-A-VAL-288,0.0,-0.11,0.11,0.0,-0.0,Raw,VD-MM/GBSA
R-A-ALA-289,-0.0,-0.16,0.16,0.0,-0.0,Raw,VD-MM/GBSA
R-A-ALA-290,0.0,-0.1,0.1,0.0,0.0,Raw,VD-MM/GBSA
R-A-GLY-291,0.0,-0.09,0.09,0.0,0.0,Raw,VD-MM/GBSA
R-A-SER-292,-0.0,-0.18,0.18,0.0,-0.0,Raw,VD-MM/GBSA
R-A-ILE-293,-0.0,-0.18,0.18,0.0,-0.0,Raw,VD-MM/GBSA
R-A-CYS-294,0.0,-0.16,0.16,0.0,0.0,Raw,VD-MM/GBSA
R-A-PHE-295,0.0,-0.13,0.13,0.0,-0.0,Raw,VD-MM/GBSA
R-A-ALA-296,-0.0,-0.18,0.18,0.0,-0.0,Raw,VD-MM/GBSA
R-A-ASN-297,-0.0,-0.28,0.28,0.0,0.0,Raw,VD-MM/GBSA
R-A-MET-298,-0.0,-0.06,0.06,0.0,-0.0,Raw,VD-MM/GBSA
R-A-GLY-299,-0.0,-0.14,0.14,0.0,-0.0,Raw,VD-MM/GBSA
R-A-VAL-300,-0.0,-0.21,0.21,0.0,-0.0,Raw,VD-MM/GBSA
R-A-ALA-301,0.0,-0.18,0.18,0.0,0.0,Raw,VD-MM/GBSA
R-A-ILE-302,-0.0,-0.16,0.16,0.0,-0.0,Raw,VD-MM/GBSA
R-A-LEU-303,-0.0,-0.16,0.16,0.0,-0.0,Raw,VD-MM/GBSA
R-A-GLU-304,-0.0,-3.12,3.12,0.0,0.0,Raw,VD-MM/GBSA
R-A-PRO-305,-0.0,-0.15,0.15,0.0,0.0,Raw,VD-MM/GBSA
R-A-THR-306,0.0,-0.13,0.13,0.0,-0.0,Raw,VD-MM/GBSA
R-A-LEU-307,0.0,-0.08,0.08,0.0,-0.0,Raw,VD-MM/GBSA
R-A-PRO-308,-0.0,-0.05,0.05,0.0,-0.0,Raw,VD-MM/GBSA
R-A-ILE-309,0.0,-0.14,0.14,0.0,0.0,Raw,VD-MM/GBSA
R-A-TRP-310,-0.0,-0.11,0.11,0.0,-0.0,Raw,VD-MM/GBSA
R-A-MET-311,-0.0,0.01,-0.01,0.0,-0.0,Raw,VD-MM/GBSA
R-A-MET-312,-0.0,-0.14,0.14,0.0,-0.0,Raw,VD-MM/GBSA
R-A-GLN-313,0.0,0.1,-0.1,0.0,0.0,Raw,VD-MM/GBSA
R-A-THR-314,0.0,-0.03,0.03,0.0,0.0,Raw,VD-MM/GBSA
R-A-MET-315,-0.0,-0.05,0.05,0.0,-0.0,Raw,VD-MM/GBSA
R-A-CYS-316,0.0,-0.08,0.08,0.0,0.0,Raw,VD-MM/GBSA
R-A-SER-317,-0.0,0.01,-0.01,0.0,-0.0,Raw,VD-MM/GBSA
R-A-PRO-318,-0.0,0.31,-0.3,0.0,-0.0,Raw,VD-MM/GBSA
R-A-LYS-319,-0.0,9.34,-9.36,0.0,-0.02,Raw,VD-MM/GBSA
R-A-TRP-320,-0.0,0.38,-0.38,0.0,-0.0,Raw,VD-MM/GBSA
R-A-GLN-321,-0.0,0.3,-0.3,0.0,-0.0,Raw,VD-MM/GBSA
R-A-LEU-322,-0.0,0.27,-0.27,0.0,-0.0,Raw,VD-MM/GBSA
R-A-GLY-323,-0.0,0.25,-0.25,0.0,-0.0,Raw,VD-MM/GBSA
R-A-LEU-324,-0.0,0.22,-0.22,0.0,-0.0,Raw,VD-MM/GBSA
R-A-ALA-325,0.0,0.16,-0.16,0.0,-0.0,Raw,VD-MM/GBSA
R-A-PHE-326,-0.0,0.2,-0.2,0.0,-0.0,Raw,VD-MM/GBSA
R-A-LEU-327,-0.0,0.2,-0.2,0.0,-0.0,Raw,VD-MM/GBSA
R-A-PRO-328,-0.0,0.16,-0.16,0.0,-0.0,Raw,VD-MM/GBSA
R-A-ALA-329,-0.0,0.19,-0.19,0.0,-0.0,Raw,VD-MM/GBSA
R-A-SER-330,-0.0,0.27,-0.27,0.0,-0.0,Raw,VD-MM/GBSA
R-A-VAL-331,-0.0,0.2,-0.2,0.0,0.0,Raw,VD-MM/GBSA
R-A-SER-332,-0.0,0.15,-0.15,0.0,-0.0,Raw,VD-MM/GBSA
R-A-TYR-333,-0.0,0.21,-0.21,0.0,-0.0,Raw,VD-MM/GBSA
R-A-LEU-334,-0.0,0.2,-0.2,0.0,-0.0,Raw,VD-MM/GBSA
R-A-ILE-335,-0.0,0.2,-0.2,0.0,-0.0,Raw,VD-MM/GBSA
R-A-GLY-336,0.0,0.14,-0.14,0.0,-0.0,Raw,VD-MM/GBSA
R-A-THR-337,-0.0,0.13,-0.13,0.0,-0.0,Raw,VD-MM/GBSA
R-A-ASN-338,-0.0,0.42,-0.42,0.0,-0.0,Raw,VD-MM/GBSA
R-A-LEU-339,-0.0,0.19,-0.19,0.0,-0.0,Raw,VD-MM/GBSA
R-A-PHE-340,-0.0,0.09,-0.09,0.0,-0.0,Raw,VD-MM/GBSA
R-A-GLY-341,0.0,0.07,-0.07,0.0,-0.0,Raw,VD-MM/GBSA
R-A-VAL-342,0.0,0.12,-0.12,0.0,0.0,Raw,VD-MM/GBSA
R-A-LEU-343,-0.0,0.07,-0.08,0.0,-0.0,Raw,VD-MM/GBSA
R-A-ALA-344,-0.0,-0.05,0.05,0.0,-0.0,Raw,VD-MM/GBSA
R-A-ASN-345,0.0,-0.06,0.06,0.0,-0.0,Raw,VD-MM/GBSA
R-A-LYS-346,0.0,-1.82,1.82,0.0,0.0,Raw,VD-MM/GBSA
R-A-MET-347,0.0,-0.03,0.03,0.0,-0.0,Raw,VD-MM/GBSA
R-A-GLY-348,0.0,-0.14,0.14,0.0,0.0,Raw,VD-MM/GBSA
R-A-ARG-349,0.0,-2.79,2.8,0.0,0.0,Raw,VD-MM/GBSA
R-A-TRP-350,0.0,-0.12,0.12,0.0,-0.0,Raw,VD-MM/GBSA
R-A-LEU-351,0.0,-0.08,0.08,0.0,-0.0,Raw,VD-MM/GBSA
R-A-CYS-352,-0.0,-0.18,0.18,0.0,-0.0,Raw,VD-MM/GBSA
R-A-SER-353,0.0,-0.18,0.18,0.0,0.0,Raw,VD-MM/GBSA
R-A-LEU-354,0.0,-0.08,0.08,0.0,0.0,Raw,VD-MM/GBSA
R-A-ILE-355,0.0,-0.11,0.11,0.0,-0.0,Raw,VD-MM/GBSA
R-A-GLY-356,0.0,-0.13,0.13,0.0,-0.0,Raw,VD-MM/GBSA
R-A-MET-357,0.0,-0.12,0.12,0.0,-0.0,Raw,VD-MM/GBSA
R-A-LEU-358,0.0,-0.1,0.1,0.0,0.0,Raw,VD-MM/GBSA
R-A-VAL-359,-0.0,-0.12,0.12,0.0,-0.0,Raw,VD-MM/GBSA
R-A-VAL-360,0.0,-0.14,0.14,0.0,0.0,Raw,VD-MM/GBSA
R-A-GLY-361,0.0,-0.11,0.11,0.0,0.0,Raw,VD-MM/GBSA
R-A-THR-362,0.0,-0.09,0.09,0.0,0.0,Raw,VD-MM/GBSA
R-A-SER-363,0.0,-0.13,0.13,0.0,-0.0,Raw,VD-MM/GBSA
R-A-LEU-364,-0.0,-0.13,0.13,0.0,-0.0,Raw,VD-MM/GBSA
R-A-LEU-365,0.0,-0.11,0.11,0.0,-0.0,Raw,VD-MM/GBSA
R-A-CYS-366,0.0,-0.06,0.06,0.0,-0.0,Raw,VD-MM/GBSA
R-A-VAL-367,0.0,-0.09,0.09,0.0,0.0,Raw,VD-MM/GBSA
R-A-PRO-368,-0.0,-0.09,0.09,0.0,-0.0,Raw,VD-MM/GBSA
R-A-LEU-369,0.0,-0.07,0.07,0.0,-0.0,Raw,VD-MM/GBSA
R-A-ALA-370,-0.0,0.02,-0.01,0.0,0.0,Raw,VD-MM/GBSA
R-A-HIE-371,-0.0,-0.2,0.2,0.0,-0.0,Raw,VD-MM/GBSA
R-A-ASN-372,0.0,0.22,-0.22,0.0,-0.0,Raw,VD-MM/GBSA
R-A-ILE-373,-0.0,0.16,-0.16,0.0,-0.0,Raw,VD-MM/GBSA
R-A-PHE-374,0.0,0.11,-0.11,0.0,-0.0,Raw,VD-MM/GBSA
R-A-GLY-375,0.0,0.12,-0.12,0.0,0.0,Raw,VD-MM/GBSA
R-A-LEU-376,0.0,0.17,-0.17,0.0,0.0,Raw,VD-MM/GBSA
R-A-ILE-377,-0.0,0.13,-0.13,0.0,-0.0,Raw,VD-MM/GBSA
R-A-GLY-378,0.0,0.08,-0.08,0.0,-0.0,Raw,VD-MM/GBSA
R-A-PRO-379,0.0,0.14,-0.14,0.0,0.0,Raw,VD-MM/GBSA
R-A-ASN-380,0.0,0.27,-0.27,0.0,-0.0,Raw,VD-MM/GBSA
R-A-ALA-381,0.0,0.1,-0.1,0.0,-0.0,Raw,VD-MM/GBSA
R-A-GLY-382,0.0,0.12,-0.12,0.0,-0.0,Raw,VD-MM/GBSA
R-A-LEU-383,0.0,0.17,-0.17,0.0,-0.0,Raw,VD-MM/GBSA
R-A-GLY-384,-0.0,0.14,-0.14,0.0,-0.0,Raw,VD-MM/GBSA
R-A-LEU-385,0.0,0.12,-0.12,0.0,0.0,Raw,VD-MM/GBSA
R-A-ALA-386,0.0,0.15,-0.15,0.0,-0.0,Raw,VD-MM/GBSA
R-A-ILE-387,-0.0,0.17,-0.17,0.0,-0.0,Raw,VD-MM/GBSA
R-A-GLY-388,0.0,0.15,-0.15,0.0,-0.0,Raw,VD-MM/GBSA
R-A-MET-389,-0.0,0.1,-0.1,0.0,-0.0,Raw,VD-MM/GBSA
R-A-VAL-390,-0.0,0.17,-0.17,0.0,-0.0,Raw,VD-MM/GBSA
R-A-ASP-391,-0.0,0.72,-0.72,0.0,-0.01,Raw,VD-MM/GBSA
R-A-SER-392,0.0,0.19,-0.19,0.0,0.0,Raw,VD-MM/GBSA
R-A-SER-393,0.0,0.18,-0.18,0.0,-0.0,Raw,VD-MM/GBSA
R-A-MET-394,-0.0,0.16,-0.16,0.0,-0.0,Raw,VD-MM/GBSA
R-A-MET-395,-0.0,0.24,-0.25,0.0,-0.0,Raw,VD-MM/GBSA
R-A-PRO-396,0.0,0.17,-0.17,0.0,-0.0,Raw,VD-MM/GBSA
R-A-ILE-397,-0.0,0.15,-0.15,0.0,-0.0,Raw,VD-MM/GBSA
R-A-MET-398,-0.0,0.04,-0.04,0.0,-0.0,Raw,VD-MM/GBSA
R-A-GLY-399,-0.0,0.08,-0.08,0.0,-0.0,Raw,VD-MM/GBSA
R-A-HIE-400,0.0,0.32,-0.33,0.0,-0.0,Raw,VD-MM/GBSA
R-A-LEU-401,0.0,0.08,-0.08,0.0,-0.0,Raw,VD-MM/GBSA
R-A-VAL-402,-0.0,-0.05,0.05,0.0,0.0,Raw,VD-MM/GBSA
R-A-ASP-403,0.0,5.04,-5.05,0.0,-0.01,Raw,VD-MM/GBSA
R-A-LEU-404,0.0,0.06,-0.06,0.0,-0.0,Raw,VD-MM/GBSA
R-A-ARG-405,-0.0,-2.61,2.62,0.0,0.0,Raw,VD-MM/GBSA
R-A-HIE-406,0.0,0.08,-0.08,0.0,0.0,Raw,VD-MM/GBSA
R-A-THR-407,0.0,-0.29,0.29,0.0,0.0,Raw,VD-MM/GBSA
R-A-SER-408,0.0,0.04,-0.04,0.0,0.0,Raw,VD-MM/GBSA
R-A-VAL-409,-0.0,-0.09,0.09,0.0,-0.0,Raw,VD-MM/GBSA
R-A-TYR-410,-0.0,-0.14,0.14,0.0,-0.0,Raw,VD-MM/GBSA
R-A-GLY-411,0.0,-0.29,0.29,0.0,0.0,Raw,VD-MM/GBSA
R-A-SER-412,-0.0,-0.07,0.07,0.0,0.0,Raw,VD-MM/GBSA
R-A-VAL-413,-0.0,-0.24,0.24,0.0,-0.0,Raw,VD-MM/GBSA
R-A-TYR-414,-0.0,-0.17,0.17,0.0,-0.0,Raw,VD-MM/GBSA
R-A-ALA-415,0.0,-0.23,0.23,0.0,0.0,Raw,VD-MM/GBSA
R-A-ILE-416,-0.0,-0.19,0.19,0.0,-0.0,Raw,VD-MM/GBSA
R-A-ALA-417,-0.0,-0.24,0.24,0.0,-0.0,Raw,VD-MM/GBSA
R-A-ASP-418,-0.0,1.56,-1.57,0.0,-0.01,Raw,VD-MM/GBSA
R-A-VAL-419,-0.0,-0.22,0.22,0.0,-0.0,Raw,VD-MM/GBSA
R-A-ALA-420,0.0,-0.19,0.19,0.0,0.0,Raw,VD-MM/GBSA
R-A-PHE-421,-0.0,-0.21,0.21,0.0,-0.0,Raw,VD-MM/GBSA
R-A-CYS-422,-0.0,-0.23,0.23,0.0,0.0,Raw,VD-MM/GBSA
R-A-MET-423,-0.0,-0.15,0.15,0.0,-0.0,Raw,VD-MM/GBSA
R-A-GLY-424,-0.0,-0.11,0.11,0.0,-0.0,Raw,VD-MM/GBSA
R-A-PHE-425,-0.0,-0.2,0.21,0.0,-0.0,Raw,VD-MM/GBSA
R-A-ALA-426,-0.0,-0.12,0.12,0.0,-0.0,Raw,VD-MM/GBSA
R-A-ILE-427,0.0,-0.15,0.15,0.0,0.0,Raw,VD-MM/GBSA
R-A-GLY-428,-0.0,-0.13,0.13,0.0,0.0,Raw,VD-MM/GBSA
R-A-PRO-429,-0.0,-0.2,0.21,0.0,-0.0,Raw,VD-MM/GBSA
R-A-SER-430,0.0,-0.08,0.08,0.0,-0.0,Raw,VD-MM/GBSA
R-A-THR-431,0.0,-0.1,0.1,0.0,0.0,Raw,VD-MM/GBSA
R-A-GLY-432,0.0,0.03,-0.03,0.0,0.0,Raw,VD-MM/GBSA
R-A-GLY-433,0.0,0.05,-0.05,0.0,0.0,Raw,VD-MM/GBSA
R-A-ALA-434,0.0,-0.06,0.06,0.0,-0.0,Raw,VD-MM/GBSA
R-A-ILE-435,0.0,-0.04,0.04,0.0,-0.0,Raw,VD-MM/GBSA
R-A-VAL-436,-0.0,0.08,-0.08,0.0,-0.0,Raw,VD-MM/GBSA
R-A-LYS-437,0.0,4.89,-4.9,0.0,-0.0,Raw,VD-MM/GBSA
R-A-ALA-438,0.0,-0.03,0.03,0.0,0.0,Raw,VD-MM/GBSA
R-A-ILE-439,-0.0,0.02,-0.02,0.0,-0.0,Raw,VD-MM/GBSA
R-A-GLY-440,0.0,0.16,-0.16,0.0,-0.0,Raw,VD-MM/GBSA
R-A-PHE-441,-0.0,0.12,-0.12,0.0,-0.0,Raw,VD-MM/GBSA
R-A-PRO-442,0.0,0.09,-0.09,0.0,-0.0,Raw,VD-MM/GBSA
R-A-TRP-443,0.0,0.16,-0.16,0.0,0.0,Raw,VD-MM/GBSA
R-A-LEU-444,0.0,0.14,-0.14,0.0,-0.0,Raw,VD-MM/GBSA
R-A-MET-445,0.0,0.15,-0.15,0.0,-0.0,Raw,VD-MM/GBSA
R-A-VAL-446,0.0,0.1,-0.1,0.0,-0.0,Raw,VD-MM/GBSA
R-A-ILE-447,-0.0,0.11,-0.11,0.0,-0.0,Raw,VD-MM/GBSA
R-A-THR-448,0.0,0.13,-0.13,0.0,-0.0,Raw,VD-MM/GBSA
R-A-GLY-449,0.0,0.11,-0.11,0.0,0.0,Raw,VD-MM/GBSA
R-A-VAL-450,0.0,0.09,-0.09,0.0,-0.0,Raw,VD-MM/GBSA
R-A-ILE-451,0.0,0.09,-0.09,0.0,0.0,Raw,VD-MM/GBSA
R-A-ASN-452,0.0,0.23,-0.23,0.0,0.0,Raw,VD-MM/GBSA
R-A-ILE-453,0.0,0.11,-0.11,0.0,0.0,Raw,VD-MM/GBSA
R-A-VAL-454,0.0,0.07,-0.07,0.0,0.0,Raw,VD-MM/GBSA
R-A-TYR-455,0.0,0.05,-0.05,0.0,0.0,Raw,VD-MM/GBSA
R-A-ALA-456,0.0,0.1,-0.1,0.0,-0.0,Raw,VD-MM/GBSA
R-A-PRO-457,0.0,0.07,-0.07,0.0,0.0,Raw,VD-MM/GBSA
R-A-LEU-458,0.0,0.08,-0.08,0.0,0.0,Raw,VD-MM/GBSA
R-A-CYS-459,-0.0,0.94,-0.95,0.0,-0.0,Raw,VD-MM/GBSA
L-B-ARG-1,-0.01,-3.89,3.81,0.0,-0.09,Raw,VD-MM/GBSA
L-B-ARG-2,-0.03,-3.32,3.19,0.0,-0.16,Raw,VD-MM/GBSA
L-B-SER-3,-0.01,-0.47,0.44,0.0,-0.04,Raw,VD-MM/GBSA
L-B-ARG-4,-0.01,-1.35,1.34,0.0,-0.01,Raw,VD-MM/GBSA
L-B-LYS-5,-0.01,-0.31,0.28,0.0,-0.04,Raw,VD-MM/GBSA
L-B-LEU-6,-0.05,-0.53,0.49,0.0,-0.09,Raw,VD-MM/GBSA
L-B-ILE-7,-0.02,-0.32,0.32,0.0,-0.02,Raw,VD-MM/GBSA
L-B-LEU-8,-0.01,-0.17,0.17,0.0,-0.01,Raw,VD-MM/GBSA
L-B-PHE-9,-0.04,-0.36,0.3,0.0,-0.1,Raw,VD-MM/GBSA
L-B-ILE-10,-0.04,-0.44,0.42,0.0,-0.05,Raw,VD-MM/GBSA
L-B-VAL-11,-0.01,-0.27,0.26,0.0,-0.02,Raw,VD-MM/GBSA
L-B-PHE-12,-0.01,-0.24,0.22,0.0,-0.04,Raw,VD-MM/GBSA
L-B-LEU-13,-0.04,-0.28,0.26,0.0,-0.07,Raw,VD-MM/GBSA
L-B-ALA-14,-0.01,-0.35,0.33,0.0,-0.03,Raw,VD-MM/GBSA
L-B-LEU-15,-0.01,-0.28,0.27,0.0,-0.02,Raw,VD-MM/GBSA
L-B-LEU-16,-0.02,-0.2,0.16,0.0,-0.06,Raw,VD-MM/GBSA
L-B-LEU-17,-0.05,-0.28,0.24,0.0,-0.09,Raw,VD-MM/GBSA
L-B-ASP-18,-0.01,-6.62,6.66,0.0,0.04,Raw,VD-MM/GBSA
L-B-ASN-19,-0.01,-0.34,0.3,0.0,-0.04,Raw,VD-MM/GBSA
L-B-MET-20,-0.02,-0.1,0.03,0.0,-0.09,Raw,VD-MM/GBSA
L-B-LEU-21,-0.02,-0.25,0.22,0.0,-0.05,Raw,VD-MM/GBSA
L-B-LEU-22,-0.01,-0.27,0.29,0.0,0.01,Raw,VD-MM/GBSA
L-B-THR-23,-0.01,-0.28,0.25,0.0,-0.04,Raw,VD-MM/GBSA
L-B-VAL-24,-0.02,-0.27,0.17,0.0,-0.12,Raw,VD-MM/GBSA
L-B-VAL-25,-0.01,-0.33,0.33,0.0,-0.02,Raw,VD-MM/GBSA
L-B-VAL-26,-0.0,-0.21,0.2,0.0,-0.02,Raw,VD-MM/GBSA
L-B-PRO-27,-0.01,-0.22,0.21,0.0,-0.02,Raw,VD-MM/GBSA
L-B-ILE-28,-0.02,-0.37,0.36,0.0,-0.04,Raw,VD-MM/GBSA
L-B-ILE-29,-0.01,-0.44,0.44,0.0,-0.0,Raw,VD-MM/GBSA
L-B-PRO-30,-0.0,-0.32,0.33,0.0,-0.0,Raw,VD-MM/GBSA
L-B-SER-31,-0.01,-0.39,0.37,0.0,-0.03,Raw,VD-MM/GBSA
L-B-TYR-32,-0.04,-0.6,0.55,0.0,-0.09,Raw,VD-MM/GBSA
L-B-LEU-33,-0.01,-0.48,0.48,0.0,-0.01,Raw,VD-MM/GBSA
L-B-TYR-34,-0.01,-0.13,0.12,0.0,-0.01,Raw,VD-MM/GBSA
L-B-SER-35,-0.01,-0.08,0.04,0.0,-0.04,Raw,VD-MM/GBSA
L-B-ILE-36,-0.02,-0.33,0.32,0.0,-0.02,Raw,VD-MM/GBSA
L-B-LYS-37,-0.01,13.93,-13.95,0.0,-0.03,Raw,VD-MM/GBSA
L-B-HIE-38,-0.01,-0.4,0.38,0.0,-0.03,Raw,VD-MM/GBSA
L-B-GLU-39,-0.03,-22.17,21.98,0.0,-0.22,Raw,VD-MM/GBSA
L-B-LYS-40,-0.01,17.55,-17.64,0.0,-0.1,Raw,VD-MM/GBSA
L-B-ASN-41,-0.01,-0.18,0.16,0.0,-0.02,Raw,VD-MM/GBSA
L-B-ALA-42,-0.01,0.01,-0.02,0.0,-0.02,Raw,VD-MM/GBSA
L-B-THR-43,-0.03,-0.01,-0.05,0.0,-0.08,Raw,VD-MM/GBSA
L-B-GLU-44,-0.01,-18.6,18.59,0.0,-0.02,Raw,VD-MM/GBSA
L-B-ILE-45,-0.01,-0.16,0.14,0.0,-0.02,Raw,VD-MM/GBSA
L-B-GLN-46,-0.04,-0.39,0.24,0.0,-0.18,Raw,VD-MM/GBSA
L-B-THR-47,-0.01,-0.11,0.07,0.0,-0.06,Raw,VD-MM/GBSA
L-B-ALA-48,-0.0,-0.07,0.06,0.0,-0.01,Raw,VD-MM/GBSA
L-B-ARG-49,-0.01,19.68,-19.75,0.0,-0.08,Raw,VD-MM/GBSA
L-B-PRO-50,-0.0,-0.02,0.0,0.0,-0.02,Raw,VD-MM/GBSA
L-B-VAL-51,-0.01,0.04,-0.06,0.0,-0.02,Raw,VD-MM/GBSA
L-B-HIE-52,-0.0,-0.81,0.8,0.0,-0.02,Raw,VD-MM/GBSA
L-B-THR-53,-0.0,0.09,-0.11,0.0,-0.02,Raw,VD-MM/GBSA
L-B-ALA-54,-0.01,0.01,-0.04,0.0,-0.03,Raw,VD-MM/GBSA
L-B-SER-55,-0.0,-0.56,0.54,0.0,-0.03,Raw,VD-MM/GBSA
L-B-ILE-56,-0.02,0.09,-0.11,0.0,-0.03,Raw,VD-MM/GBSA
L-B-SER-57,-0.0,-0.59,0.57,0.0,-0.02,Raw,VD-MM/GBSA
L-B-ASP-58,-0.0,-17.62,17.61,0.0,-0.02,Raw,VD-MM/GBSA
L-B-SER-59,-0.01,-0.12,0.08,0.0,-0.04,Raw,VD-MM/GBSA
L-B-PHE-60,-0.01,0.36,-0.39,0.0,-0.04,Raw,VD-MM/GBSA
L-B-GLN-61,-0.02,-0.54,0.44,0.0,-0.11,Raw,VD-MM/GBSA
L-B-SER-62,-0.0,0.02,-0.03,0.0,-0.02,Raw,VD-MM/GBSA
L-B-ILE-63,-0.02,0.19,-0.21,0.0,-0.04,Raw,VD-MM/GBSA
L-B-PHE-64,-0.01,-0.28,0.25,0.0,-0.03,Raw,VD-MM/GBSA
L-B-SER-65,-0.01,0.07,-0.09,0.0,-0.03,Raw,VD-MM/GBSA
L-B-TYR-66,-0.01,0.05,-0.06,0.0,-0.02,Raw,VD-MM/GBSA
L-B-TYR-67,-0.02,0.07,-0.12,0.0,-0.06,Raw,VD-MM/GBSA
L-B-ASP-68,-0.01,-19.38,19.33,0.0,-0.07,Raw,VD-MM/GBSA
L-B-ASN-69,-0.0,0.12,-0.13,0.0,-0.01,Raw,VD-MM/GBSA
L-B-SER-70,-0.0,0.21,-0.22,0.0,-0.01,Raw,VD-MM/GBSA
L-B-THR-71,-0.0,0.06,-0.06,0.0,-0.0,Raw,VD-MM/GBSA
L-B-MET-72,-0.0,0.05,-0.05,0.0,-0.0,Raw,VD-MM/GBSA
L-B-VAL-73,0.0,0.1,-0.1,0.0,0.0,Raw,VD-MM/GBSA
L-B-THR-74,0.0,0.06,-0.06,0.0,-0.0,Raw,VD-MM/GBSA
L-B-GLY-75,0.0,0.1,-0.1,0.0,0.0,Raw,VD-MM/GBSA
L-B-ASN-76,-0.0,0.16,-0.16,0.0,0.0,Raw,VD-MM/GBSA
L-B-ALA-77,0.0,0.13,-0.13,0.0,-0.0,Raw,VD-MM/GBSA
L-B-THR-78,0.0,0.05,-0.05,0.0,-0.0,Raw,VD-MM/GBSA
L-B-ARG-79,0.0,12.17,-12.18,0.0,-0.01,Raw,VD-MM/GBSA
L-B-ASP-80,0.0,-9.97,9.97,0.0,0.0,Raw,VD-MM/GBSA
L-B-LEU-81,0.0,0.15,-0.14,0.0,0.0,Raw,VD-MM/GBSA
L-B-THR-82,0.0,0.01,-0.01,0.0,0.0,Raw,VD-MM/GBSA
L-B-LEU-83,-0.0,0.17,-0.17,0.0,-0.0,Raw,VD-MM/GBSA
L-B-HIE-84,0.0,-0.21,0.21,0.0,-0.0,Raw,VD-MM/GBSA
L-B-GLN-85,0.0,0.04,-0.04,0.0,0.0,Raw,VD-MM/GBSA
L-B-THR-86,0.0,0.16,-0.16,0.0,-0.0,Raw,VD-MM/GBSA
L-B-ALA-87,0.0,-0.11,0.11,0.0,-0.0,Raw,VD-MM/GBSA
L-B-THR-88,0.0,0.02,-0.02,0.0,0.0,Raw,VD-MM/GBSA
L-B-GLN-89,0.0,-0.24,0.24,0.0,-0.0,Raw,VD-MM/GBSA
L-B-HIE-90,0.0,-0.11,0.11,0.0,-0.0,Raw,VD-MM/GBSA
L-B-MET-91,0.0,-0.17,0.17,0.0,0.0,Raw,VD-MM/GBSA
L-B-VAL-92,0.0,0.01,-0.01,0.0,0.0,Raw,VD-MM/GBSA
L-B-THR-93,0.0,0.22,-0.22,0.0,0.0,Raw,VD-MM/GBSA
L-B-ASN-94,0.0,0.08,-0.08,0.0,0.0,Raw,VD-MM/GBSA
L-B-ALA-95,0.0,0.01,-0.01,0.0,-0.0,Raw,VD-MM/GBSA
L-B-SER-96,0.0,-0.24,0.24,0.0,-0.0,Raw,VD-MM/GBSA
L-B-ALA-97,0.0,-0.01,0.01,0.0,-0.0,Raw,VD-MM/GBSA
L-B-VAL-98,-0.0,0.19,-0.18,0.0,0.0,Raw,VD-MM/GBSA
L-B-PRO-99,-0.0,-0.13,0.13,0.0,-0.0,Raw,VD-MM/GBSA
L-B-SER-100,-0.0,0.15,-0.15,0.0,-0.0,Raw,VD-MM/GBSA
L-B-ASP-101,-0.0,-15.13,15.14,0.0,0.01,Raw,VD-MM/GBSA
L-B-CYS-102,-0.0,-0.17,0.17,0.0,-0.0,Raw,VD-MM/GBSA
L-B-PRO-103,0.0,0.05,-0.05,0.0,-0.0,Raw,VD-MM/GBSA
L-B-SER-104,-0.0,0.19,-0.19,0.0,-0.0,Raw,VD-MM/GBSA
L-B-GLU-105,-0.0,-14.87,14.88,0.0,0.01,Raw,VD-MM/GBSA
L-B-ASP-106,0.0,-12.49,12.5,0.0,0.01,Raw,VD-MM/GBSA
L-B-LYS-107,0.0,12.04,-12.05,0.0,-0.0,Raw,VD-MM/GBSA
L-B-ASP-108,-0.0,-13.77,13.78,0.0,0.01,Raw,VD-MM/GBSA
L-B-LEU-109,-0.0,0.1,-0.1,0.0,-0.0,Raw,VD-MM/GBSA
L-B-LEU-110,-0.0,0.06,-0.06,0.0,-0.0,Raw,VD-MM/GBSA
L-B-ASN-111,-0.0,0.52,-0.52,0.0,-0.0,Raw,VD-MM/GBSA
L-B-GLU-112,-0.0,-13.3,13.31,0.0,0.0,Raw,VD-MM/GBSA
L-B-ASN-113,-0.0,-0.05,0.05,0.0,-0.0,Raw,VD-MM/GBSA
L-B-VAL-114,-0.0,0.2,-0.2,0.0,-0.0,Raw,VD-MM/GBSA
L-B-GLN-115,-0.0,0.03,-0.03,0.0,-0.0,Raw,VD-MM/GBSA
L-B-VAL-116,-0.0,0.15,-0.15,0.0,-0.0,Raw,VD-MM/GBSA
L-B-GLY-117,0.0,0.12,-0.12,0.0,0.0,Raw,VD-MM/GBSA
L-B-LEU-118,-0.0,0.24,-0.24,0.0,-0.0,Raw,VD-MM/GBSA
L-B-LEU-119,-0.0,0.29,-0.3,0.0,-0.01,Raw,VD-MM/GBSA
L-B-PHE-120,-0.0,0.15,-0.15,0.0,0.0,Raw,VD-MM/GBSA
L-B-ALA-121,-0.0,0.19,-0.19,0.0,0.0,Raw,VD-MM/GBSA
L-B-SER-122,-0.0,0.26,-0.27,0.0,-0.01,Raw,VD-MM/GBSA
L-B-LYS-123,-0.0,6.81,-6.86,0.0,-0.05,Raw,VD-MM/GBSA
L-B-ALA-124,-0.0,0.2,-0.2,0.0,0.0,Raw,VD-MM/GBSA
L-B-THR-125,-0.0,0.24,-0.25,0.0,-0.0,Raw,VD-MM/GBSA
L-B-VAL-126,-0.0,0.22,-0.23,0.0,-0.01,Raw,VD-MM/GBSA
L-B-GLN-127,-0.0,-0.07,0.06,0.0,-0.0,Raw,VD-MM/GBSA
L-B-LEU-128,-0.0,0.2,-0.2,0.0,-0.0,Raw,VD-MM/GBSA
L-B-ILE-129,-0.0,0.2,-0.2,0.0,-0.0,Raw,VD-MM/GBSA
L-B-THR-130,-0.0,0.26,-0.27,0.0,-0.0,Raw,VD-MM/GBSA
L-B-ASN-131,-0.0,0.36,-0.36,0.0,-0.01,Raw,VD-MM/GBSA
L-B-PRO-132,-0.0,0.2,-0.2,0.0,-0.0,Raw,VD-MM/GBSA
L-B-PHE-133,-0.0,0.23,-0.23,0.0,-0.0,Raw,VD-MM/GBSA
L-B-ILE-134,-0.0,0.26,-0.26,0.0,-0.0,Raw,VD-MM/GBSA
L-B-GLY-135,-0.0,0.2,-0.2,0.0,0.0,Raw,VD-MM/GBSA
L-B-LEU-136,-0.0,0.22,-0.22,0.0,-0.0,Raw,VD-MM/GBSA
L-B-LEU-137,-0.0,0.27,-0.28,0.0,-0.01,Raw,VD-MM/GBSA
L-B-THR-138,-0.0,0.29,-0.29,0.0,-0.01,Raw,VD-MM/GBSA
L-B-ASN-139,-0.0,0.24,-0.24,0.0,-0.0,Raw,VD-MM/GBSA
L-B-ARG-140,-0.0,1.22,-1.21,0.0,0.01,Raw,VD-MM/GBSA
L-B-ILE-141,-0.0,0.34,-0.34,0.0,-0.01,Raw,VD-MM/GBSA
L-B-GLY-142,-0.0,-0.02,0.01,0.0,-0.01,Raw,VD-MM/GBSA
L-B-TYR-143,-0.01,-0.16,0.14,0.0,-0.02,Raw,VD-MM/GBSA
L-B-PRO-144,-0.01,-0.49,0.47,0.0,-0.03,Raw,VD-MM/GBSA
L-B-ILE-145,-0.01,-0.3,0.3,0.0,-0.02,Raw,VD-MM/GBSA
L-B-PRO-146,-0.01,-0.23,0.23,0.0,-0.01,Raw,VD-MM/GBSA
L-B-ILE-147,-0.02,-0.45,0.42,0.0,-0.04,Raw,VD-MM/GBSA
L-B-PHE-148,-0.11,-0.48,0.41,0.0,-0.18,Raw,VD-MM/GBSA
L-B-ALA-149,-0.01,-0.32,0.31,0.0,-0.02,Raw,VD-MM/GBSA
L-B-GLY-150,-0.01,-0.32,0.31,0.0,-0.02,Raw,VD-MM/GBSA
L-B-PHE-151,-0.19,-0.45,0.41,-0.0,-0.23,Raw,VD-MM/GBSA
L-B-CYS-152,-0.05,-0.5,0.45,0.0,-0.1,Raw,VD-MM/GBSA
L-B-ILE-153,-0.02,-0.39,0.38,0.0,-0.03,Raw,VD-MM/GBSA
L-B-MET-154,-0.03,-0.4,0.34,0.0,-0.09,Raw,VD-MM/GBSA
L-B-PHE-155,-1.08,-0.18,-0.07,-0.16,-1.49,Raw,VD-MM/GBSA
L-B-VAL-156,-0.07,-0.49,0.45,0.0,-0.11,Raw,VD-MM/GBSA
L-B-SER-157,-0.02,-0.46,0.41,0.0,-0.08,Raw,VD-MM/GBSA
L-B-THR-158,-0.1,-0.34,0.14,0.0,-0.3,Raw,VD-MM/GBSA
L-B-ILE-159,-0.8,-0.54,0.46,-0.12,-1.01,Raw,VD-MM/GBSA
L-B-MET-160,-0.05,-0.39,0.32,0.0,-0.12,Raw,VD-MM/GBSA
L-B-PHE-161,-0.05,-0.54,0.41,0.0,-0.17,Raw,VD-MM/GBSA
L-B-ALA-162,-0.17,-0.53,0.27,0.0,-0.43,Raw,VD-MM/GBSA
L-B-PHE-163,-1.16,-0.4,0.01,-0.29,-1.85,Raw,VD-MM/GBSA
L-B-SER-164,-0.03,-0.77,0.7,0.0,-0.11,Raw,VD-MM/GBSA
L-B-SER-165,-0.02,0.02,-0.08,0.0,-0.08,Raw,VD-MM/GBSA
L-B-SER-166,-0.01,0.1,-0.11,0.0,-0.02,Raw,VD-MM/GBSA
L-B-TYR-167,-0.01,0.17,-0.17,0.0,-0.0,Raw,VD-MM/GBSA
L-B-ALA-168,-0.0,0.37,-0.38,0.0,-0.01,Raw,VD-MM/GBSA
L-B-PHE-169,-0.02,0.46,-0.5,0.0,-0.06,Raw,VD-MM/GBSA
L-B-LEU-170,-0.01,0.37,-0.38,0.0,-0.02,Raw,VD-MM/GBSA
L-B-LEU-171,-0.0,0.21,-0.21,0.0,-0.0,Raw,VD-MM/GBSA
L-B-ILE-172,-0.01,0.36,-0.38,0.0,-0.02,Raw,VD-MM/GBSA
L-B-ALA-173,-0.01,0.39,-0.41,0.0,-0.02,Raw,VD-MM/GBSA
L-B-ARG-174,-0.01,9.16,-9.23,0.0,-0.08,Raw,VD-MM/GBSA
L-B-SER-175,-0.0,0.21,-0.22,0.0,-0.01,Raw,VD-MM/GBSA
L-B-LEU-176,-0.01,0.35,-0.38,0.0,-0.04,Raw,VD-MM/GBSA
L-B-GLN-177,-0.01,-0.04,0.0,0.0,-0.05,Raw,VD-MM/GBSA
L-B-GLY-178,-0.0,0.19,-0.19,0.0,0.0,Raw,VD-MM/GBSA
L-B-ILE-179,-0.01,0.24,-0.26,0.0,-0.02,Raw,VD-MM/GBSA
L-B-GLY-180,-0.0,0.33,-0.35,0.0,-0.03,Raw,VD-MM/GBSA
L-B-SER-181,-0.0,0.33,-0.34,0.0,-0.02,Raw,VD-MM/GBSA
L-B-SER-182,-0.0,0.24,-0.25,0.0,-0.01,Raw,VD-MM/GBSA
L-B-CYS-183,-0.0,0.19,-0.22,0.0,-0.03,Raw,VD-MM/GBSA
L-B-SER-184,-0.01,0.29,-0.32,0.0,-0.03,Raw,VD-MM/GBSA
L-B-SER-185,-0.0,0.26,-0.26,0.0,-0.0,Raw,VD-MM/GBSA
L-B-VAL-186,-0.0,0.09,-0.1,0.0,-0.01,Raw,VD-MM/GBSA
L-B-ALA-187,-0.0,0.17,-0.18,0.0,-0.02,Raw,VD-MM/GBSA
L-B-GLY-188,-0.0,0.28,-0.28,0.0,-0.0,Raw,VD-MM/GBSA
L-B-MET-189,-0.0,0.26,-0.26,0.0,-0.0,Raw,VD-MM/GBSA
L-B-GLY-190,-0.0,0.05,-0.05,0.0,-0.0,Raw,VD-MM/GBSA
L-B-MET-191,-0.01,0.27,-0.28,0.0,-0.02,Raw,VD-MM/GBSA
L-B-LEU-192,-0.0,0.24,-0.25,0.0,-0.01,Raw,VD-MM/GBSA
L-B-ALA-193,-0.0,0.06,-0.06,0.0,-0.0,Raw,VD-MM/GBSA
L-B-SER-194,-0.0,-0.01,0.01,0.0,-0.0,Raw,VD-MM/GBSA
L-B-VAL-195,-0.0,0.16,-0.17,0.0,-0.01,Raw,VD-MM/GBSA
L-B-TYR-196,-0.0,-0.05,0.05,0.0,-0.0,Raw,VD-MM/GBSA
L-B-THR-197,0.0,-0.16,0.16,0.0,0.0,Raw,VD-MM/GBSA
L-B-ASP-198,-0.0,-0.85,0.85,0.0,-0.01,Raw,VD-MM/GBSA
L-B-ASP-199,0.0,-1.96,1.95,0.0,-0.0,Raw,VD-MM/GBSA
L-B-GLU-200,-0.0,-1.81,1.81,0.0,-0.0,Raw,VD-MM/GBSA
L-B-GLU-201,-0.0,-0.61,0.6,0.0,-0.01,Raw,VD-MM/GBSA
L-B-ARG-202,-0.0,1.24,-1.23,0.0,0.0,Raw,VD-MM/GBSA
L-B-GLY-203,0.0,-0.08,0.08,0.0,0.0,Raw,VD-MM/GBSA
L-B-ASN-204,-0.0,-0.38,0.38,0.0,-0.0,Raw,VD-MM/GBSA
L-B-VAL-205,-0.0,-0.15,0.15,0.0,-0.0,Raw,VD-MM/GBSA
L-B-MET-206,-0.0,-0.17,0.17,0.0,-0.0,Raw,VD-MM/GBSA
L-B-GLY-207,-0.0,-0.15,0.15,0.0,-0.0,Raw,VD-MM/GBSA
L-B-ILE-208,-0.0,-0.24,0.23,0.0,-0.01,Raw,VD-MM/GBSA
L-B-ALA-209,-0.0,-0.18,0.18,0.0,-0.0,Raw,VD-MM/GBSA
L-B-LEU-210,-0.0,-0.17,0.17,0.0,-0.0,Raw,VD-MM/GBSA
L-B-GLY-211,-0.0,-0.23,0.23,0.0,-0.0,Raw,VD-MM/GBSA
L-B-GLY-212,-0.0,-0.24,0.23,0.0,-0.01,Raw,VD-MM/GBSA
L-B-LEU-213,-0.0,-0.2,0.2,0.0,-0.0,Raw,VD-MM/GBSA
L-B-ALA-214,-0.0,-0.22,0.22,0.0,-0.0,Raw,VD-MM/GBSA
L-B-MET-215,-0.01,-0.27,0.25,0.0,-0.03,Raw,VD-MM/GBSA
L-B-GLY-216,-0.0,-0.22,0.2,0.0,-0.02,Raw,VD-MM/GBSA
L-B-VAL-217,-0.0,-0.24,0.24,0.0,-0.0,Raw,VD-MM/GBSA
L-B-LEU-218,-0.0,-0.25,0.24,0.0,-0.02,Raw,VD-MM/GBSA
L-B-VAL-219,-0.01,-0.25,0.21,0.0,-0.05,Raw,VD-MM/GBSA
L-B-GLY-220,-0.01,-0.19,0.18,0.0,-0.02,Raw,VD-MM/GBSA
L-B-PRO-221,-0.01,-0.23,0.23,0.0,-0.0,Raw,VD-MM/GBSA
L-B-PRO-222,-0.01,-0.3,0.28,0.0,-0.02,Raw,VD-MM/GBSA
L-B-PHE-223,-0.11,-0.26,0.19,0.0,-0.17,Raw,VD-MM/GBSA
L-B-GLY-224,-0.02,-0.17,0.17,0.0,-0.02,Raw,VD-MM/GBSA
L-B-SER-225,-0.02,-0.21,0.18,0.0,-0.05,Raw,VD-MM/GBSA
L-B-VAL-226,-0.05,-0.32,0.24,0.0,-0.14,Raw,VD-MM/GBSA
L-B-LEU-227,-0.62,-0.19,0.05,-0.06,-0.82,Raw,VD-MM/GBSA
L-B-TYR-228,-0.08,-0.3,0.23,0.0,-0.15,Raw,VD-MM/GBSA
L-B-GLU-229,-0.05,-13.96,13.77,0.0,-0.24,Raw,VD-MM/GBSA
L-B-PHE-230,-0.16,-0.07,-0.38,0.0,-0.61,Raw,VD-MM/GBSA
L-B-VAL-231,-1.71,-0.4,-0.59,-0.37,-3.08,Raw,VD-MM/GBSA
L-B-GLY-232,-0.22,1.15,-1.34,-0.0,-0.41,Raw,VD-MM/GBSA
L-B-LYS-233,-0.2,16.49,-17.18,0.0,-0.88,Raw,VD-MM/GBSA
L-B-THR-234,-2.4,0.8,-2.34,-0.4,-4.35,Raw,VD-MM/GBSA
L-B-ALA-235,-1.51,0.08,-0.52,-0.12,-2.07,Raw,VD-MM/GBSA
L-B-PRO-236,-0.26,0.4,-0.36,0.0,-0.22,Raw,VD-MM/GBSA
L-B-PHE-237,-0.21,0.4,-0.55,0.0,-0.37,Raw,VD-MM/GBSA
L-B-LEU-238,-3.39,0.06,-0.86,-0.47,-4.67,Raw,VD-MM/GBSA
L-B-VAL-239,-1.45,0.09,-0.25,-0.25,-1.85,Raw,VD-MM/GBSA
L-B-LEU-240,-0.17,0.24,-0.35,0.0,-0.28,Raw,VD-MM/GBSA
L-B-ALA-241,-0.81,0.08,-0.61,-0.05,-1.4,Raw,VD-MM/GBSA
L-B-ALA-242,-1.79,0.25,-0.55,-0.38,-2.48,Raw,VD-MM/GBSA
L-B-LEU-243,-0.49,0.18,-0.33,-0.01,-0.64,Raw,VD-MM/GBSA
L-B-VAL-244,-0.2,0.49,-0.64,0.0,-0.36,Raw,VD-MM/GBSA
L-B-LEU-245,-4.76,0.74,-1.37,-0.65,-6.04,Raw,VD-MM/GBSA
L-B-LEU-246,-1.89,0.2,-0.29,-0.24,-2.22,Raw,VD-MM/GBSA
L-B-ASP-247,-0.15,-3.33,3.3,0.0,-0.18,Raw,VD-MM/GBSA
L-B-GLY-248,-0.21,0.72,-0.93,0.0,-0.42,Raw,VD-MM/GBSA
L-B-ALA-249,-1.8,0.85,-1.28,-0.31,-2.54,Raw,VD-MM/GBSA
L-B-ILE-250,-0.47,0.66,-0.66,-0.02,-0.49,Raw,VD-MM/GBSA
L-B-GLN-251,-0.14,0.87,-1.1,0.0,-0.36,Raw,VD-MM/GBSA
L-B-LEU-252,-1.45,1.0,-1.57,-0.37,-2.39,Raw,VD-MM/GBSA
L-B-PHE-253,-4.26,1.38,-2.41,-0.85,-6.13,Raw,VD-MM/GBSA
L-B-VAL-254,-0.14,0.81,-1.0,0.0,-0.33,Raw,VD-MM/GBSA
L-B-LEU-255,-0.05,0.41,-0.55,0.0,-0.18,Raw,VD-MM/GBSA
L-B-GLN-256,-0.22,0.32,-0.81,0.0,-0.71,Raw,VD-MM/GBSA
L-B-PRO-257,-0.07,0.2,-0.24,0.0,-0.11,Raw,VD-MM/GBSA
L-B-SER-258,-0.07,-0.33,0.16,0.0,-0.24,Raw,VD-MM/GBSA
L-B-ARG-259,-0.06,-12.15,12.0,0.0,-0.21,Raw,VD-MM/GBSA
L-B-VAL-260,-0.01,0.37,-0.39,0.0,-0.03,Raw,VD-MM/GBSA
L-B-GLN-261,-0.01,-0.67,0.65,0.0,-0.03,Raw,VD-MM/GBSA
L-B-PRO-262,-0.0,0.18,-0.18,0.0,-0.0,Raw,VD-MM/GBSA
L-B-GLU-263,-0.0,0.61,-0.62,0.0,-0.02,Raw,VD-MM/GBSA
L-B-SER-264,-0.0,-0.11,0.11,0.0,0.0,Raw,VD-MM/GBSA
L-B-GLN-265,-0.0,-0.03,0.03,0.0,0.0,Raw,VD-MM/GBSA
L-B-LYS-266,-0.0,0.13,-0.13,0.0,0.01,Raw,VD-MM/GBSA
L-B-GLY-267,0.0,0.06,-0.06,0.0,0.0,Raw,VD-MM/GBSA
L-B-THR-268,0.0,0.05,-0.05,0.0,-0.0,Raw,VD-MM/GBSA
L-B-PRO-269,-0.0,-0.0,0.0,0.0,-0.0,Raw,VD-MM/GBSA
L-B-LEU-270,-0.0,-0.0,0.0,0.0,-0.0,Raw,VD-MM/GBSA
L-B-THR-271,0.0,-0.04,0.04,0.0,-0.0,Raw,VD-MM/GBSA
L-B-THR-272,0.0,-0.12,0.12,0.0,0.0,Raw,VD-MM/GBSA
L-B-LEU-273,0.0,-0.06,0.06,0.0,0.0,Raw,VD-MM/GBSA
L-B-LEU-274,0.0,-0.03,0.03,0.0,-0.0,Raw,VD-MM/GBSA
L-B-LYS-275,0.0,3.03,-3.03,0.0,0.0,Raw,VD-MM/GBSA
L-B-ASP-276,0.0,-2.76,2.76,0.0,-0.0,Raw,VD-MM/GBSA
L-B-PRO-277,0.0,-0.08,0.08,0.0,-0.0,Raw,VD-MM/GBSA
L-B-TYR-278,0.0,-0.09,0.09,0.0,0.0,Raw,VD-MM/GBSA
L-B-ILE-279,0.0,-0.1,0.1,0.0,-0.0,Raw,VD-MM/GBSA
L-B-LEU-280,-0.0,-0.06,0.06,0.0,-0.0,Raw,VD-MM/GBSA
L-B-ILE-281,0.0,-0.11,0.11,0.0,-0.0,Raw,VD-MM/GBSA
L-B-ALA-282,0.0,-0.13,0.13,0.0,-0.0,Raw,VD-MM/GBSA
L-B-ALA-283,-0.0,-0.09,0.09,0.0,-0.0,Raw,VD-MM/GBSA
L-B-GLY-284,0.0,-0.11,0.1,0.0,-0.0,Raw,VD-MM/GBSA
L-B-SER-285,0.0,-0.16,0.17,0.0,0.0,Raw,VD-MM/GBSA
L-B-ILE-286,0.0,-0.15,0.15,0.0,-0.0,Raw,VD-MM/GBSA
L-B-CYS-287,-0.0,-0.16,0.16,0.0,-0.0,Raw,VD-MM/GBSA
L-B-PHE-288,0.0,-0.13,0.13,0.0,0.0,Raw,VD-MM/GBSA
L-B-ALA-289,0.0,-0.15,0.15,0.0,-0.0,Raw,VD-MM/GBSA
L-B-ASN-290,-0.0,-0.26,0.26,0.0,-0.0,Raw,VD-MM/GBSA
L-B-MET-291,0.0,-0.07,0.07,0.0,-0.0,Raw,VD-MM/GBSA
L-B-GLY-292,-0.0,-0.14,0.14,0.0,0.0,Raw,VD-MM/GBSA
L-B-ILE-293,-0.0,-0.14,0.14,0.0,-0.0,Raw,VD-MM/GBSA
L-B-ALA-294,-0.0,-0.17,0.17,0.0,-0.0,Raw,VD-MM/GBSA
L-B-MET-295,0.0,-0.24,0.24,0.0,-0.0,Raw,VD-MM/GBSA
L-B-LEU-296,-0.0,-0.15,0.15,0.0,-0.0,Raw,VD-MM/GBSA
L-B-GLU-297,-0.0,-7.9,7.91,0.0,-0.0,Raw,VD-MM/GBSA
L-B-PRO-298,0.0,-0.17,0.17,0.0,0.0,Raw,VD-MM/GBSA
L-B-ALA-299,0.0,-0.15,0.15,0.0,0.0,Raw,VD-MM/GBSA
L-B-LEU-300,-0.0,-0.06,0.06,0.0,-0.0,Raw,VD-MM/GBSA
L-B-PRO-301,-0.0,-0.03,0.03,0.0,-0.0,Raw,VD-MM/GBSA
L-B-ILE-302,-0.0,-0.12,0.12,0.0,-0.0,Raw,VD-MM/GBSA
L-B-TRP-303,0.0,-0.11,0.11,0.0,-0.0,Raw,VD-MM/GBSA
L-B-MET-304,-0.0,0.02,-0.02,0.0,-0.0,Raw,VD-MM/GBSA
L-B-MET-305,-0.0,-0.13,0.14,0.0,-0.0,Raw,VD-MM/GBSA
L-B-GLU-306,0.0,-9.24,9.24,0.0,0.0,Raw,VD-MM/GBSA
L-B-THR-307,0.0,-0.02,0.03,0.0,-0.0,Raw,VD-MM/GBSA
L-B-MET-308,0.0,-0.05,0.05,0.0,-0.0,Raw,VD-MM/GBSA
L-B-CYS-309,-0.0,-0.08,0.08,0.0,-0.0,Raw,VD-MM/GBSA
L-B-SER-310,0.0,-0.08,0.09,0.0,0.0,Raw,VD-MM/GBSA
L-B-ARG-311,-0.0,12.62,-12.62,0.0,-0.01,Raw,VD-MM/GBSA
L-B-LYS-312,-0.0,13.3,-13.31,0.0,-0.01,Raw,VD-MM/GBSA
L-B-TRP-313,-0.0,0.33,-0.34,0.0,-0.0,Raw,VD-MM/GBSA
L-B-GLN-314,-0.0,0.05,-0.05,0.0,-0.0,Raw,VD-MM/GBSA
L-B-LEU-315,-0.0,0.23,-0.23,0.0,-0.0,Raw,VD-MM/GBSA
L-B-GLY-316,-0.0,0.22,-0.22,0.0,-0.0,Raw,VD-MM/GBSA
L-B-VAL-317,-0.0,0.19,-0.19,0.0,-0.0,Raw,VD-MM/GBSA
L-B-ALA-318,0.0,0.15,-0.15,0.0,0.0,Raw,VD-MM/GBSA
L-B-PHE-319,-0.0,0.18,-0.18,0.0,-0.0,Raw,VD-MM/GBSA
L-B-LEU-320,-0.0,0.18,-0.18,0.0,-0.0,Raw,VD-MM/GBSA
L-B-PRO-321,-0.0,0.13,-0.13,0.0,-0.0,Raw,VD-MM/GBSA
L-B-ALA-322,-0.0,0.18,-0.18,0.0,-0.0,Raw,VD-MM/GBSA
L-B-SER-323,-0.0,0.25,-0.25,0.0,-0.0,Raw,VD-MM/GBSA
L-B-ILE-324,-0.0,0.18,-0.18,0.0,-0.0,Raw,VD-MM/GBSA
L-B-SER-325,-0.0,0.13,-0.13,0.0,-0.0,Raw,VD-MM/GBSA
L-B-TYR-326,-0.0,0.23,-0.23,0.0,-0.0,Raw,VD-MM/GBSA
L-B-LEU-327,-0.0,0.19,-0.19,0.0,-0.0,Raw,VD-MM/GBSA
L-B-ILE-328,-0.0,0.18,-0.18,0.0,-0.0,Raw,VD-MM/GBSA
L-B-GLY-329,0.0,0.14,-0.14,0.0,-0.0,Raw,VD-MM/GBSA
L-B-THR-330,-0.0,0.15,-0.15,0.0,-0.0,Raw,VD-MM/GBSA
L-B-ASN-331,-0.0,0.37,-0.38,0.0,-0.0,Raw,VD-MM/GBSA
L-B-ILE-332,-0.0,0.17,-0.17,0.0,-0.0,Raw,VD-MM/GBSA
L-B-PHE-333,0.0,0.1,-0.1,0.0,-0.0,Raw,VD-MM/GBSA
L-B-GLY-334,0.0,0.08,-0.08,0.0,0.0,Raw,VD-MM/GBSA
L-B-ILE-335,0.0,0.09,-0.09,0.0,-0.0,Raw,VD-MM/GBSA
L-B-LEU-336,-0.0,0.09,-0.1,0.0,-0.0,Raw,VD-MM/GBSA
L-B-ALA-337,0.0,0.0,-0.0,0.0,-0.0,Raw,VD-MM/GBSA
L-B-HIE-338,0.0,-0.06,0.06,0.0,-0.0,Raw,VD-MM/GBSA
L-B-LYS-339,0.0,2.83,-2.83,0.0,0.0,Raw,VD-MM/GBSA
L-B-MET-340,0.0,0.0,-0.0,0.0,-0.0,Raw,VD-MM/GBSA
L-B-GLY-341,0.0,-0.11,0.11,0.0,0.0,Raw,VD-MM/GBSA
L-B-ARG-342,0.0,2.35,-2.35,0.0,0.0,Raw,VD-MM/GBSA
L-B-TRP-343,0.0,-0.15,0.15,0.0,0.0,Raw,VD-MM/GBSA
L-B-LEU-344,0.0,-0.09,0.09,0.0,-0.0,Raw,VD-MM/GBSA
L-B-CYS-345,0.0,-0.14,0.15,0.0,0.0,Raw,VD-MM/GBSA
L-B-ALA-346,0.0,-0.11,0.11,0.0,0.0,Raw,VD-MM/GBSA
L-B-LEU-347,0.0,-0.1,0.1,0.0,-0.0,Raw,VD-MM/GBSA
L-B-LEU-348,0.0,-0.1,0.1,0.0,0.0,Raw,VD-MM/GBSA
L-B-GLY-349,0.0,-0.11,0.11,0.0,0.0,Raw,VD-MM/GBSA
L-B-MET-350,-0.0,-0.15,0.15,0.0,-0.0,Raw,VD-MM/GBSA
L-B-ILE-351,-0.0,-0.11,0.11,0.0,0.0,Raw,VD-MM/GBSA
L-B-ILE-352,0.0,-0.1,0.1,0.0,0.0,Raw,VD-MM/GBSA
L-B-VAL-353,0.0,-0.12,0.12,0.0,0.0,Raw,VD-MM/GBSA
L-B-GLY-354,0.0,-0.12,0.12,0.0,0.0,Raw,VD-MM/GBSA
L-B-VAL-355,-0.0,-0.09,0.09,0.0,-0.0,Raw,VD-MM/GBSA
L-B-SER-356,-0.0,-0.1,0.1,0.0,-0.0,Raw,VD-MM/GBSA
L-B-ILE-357,0.0,-0.12,0.11,0.0,-0.0,Raw,VD-MM/GBSA
L-B-LEU-358,0.0,-0.1,0.1,0.0,0.0,Raw,VD-MM/GBSA
L-B-CYS-359,0.0,-0.03,0.03,0.0,0.0,Raw,VD-MM/GBSA
L-B-ILE-360,0.0,-0.08,0.08,0.0,0.0,Raw,VD-MM/GBSA
L-B-PRO-361,0.0,-0.09,0.09,0.0,-0.0,Raw,VD-MM/GBSA
L-B-PHE-362,0.0,-0.04,0.04,0.0,0.0,Raw,VD-MM/GBSA
L-B-ALA-363,0.0,0.02,-0.02,0.0,0.0,Raw,VD-MM/GBSA
L-B-LYS-364,0.0,7.66,-7.66,0.0,0.0,Raw,VD-MM/GBSA
L-B-ASN-365,-0.0,0.22,-0.22,0.0,-0.0,Raw,VD-MM/GBSA
L-B-ILE-366,-0.0,0.16,-0.16,0.0,-0.0,Raw,VD-MM/GBSA
L-B-TYR-367,0.0,0.1,-0.1,0.0,0.0,Raw,VD-MM/GBSA
L-B-GLY-368,0.0,0.12,-0.12,0.0,-0.0,Raw,VD-MM/GBSA
L-B-LEU-369,0.0,0.17,-0.17,0.0,0.0,Raw,VD-MM/GBSA
L-B-ILE-370,-0.0,0.11,-0.11,0.0,-0.0,Raw,VD-MM/GBSA
L-B-ALA-371,0.0,0.06,-0.06,0.0,-0.0,Raw,VD-MM/GBSA
L-B-PRO-372,-0.0,0.12,-0.12,0.0,-0.0,Raw,VD-MM/GBSA
L-B-ASN-373,0.0,0.26,-0.26,0.0,0.0,Raw,VD-MM/GBSA
L-B-PHE-374,-0.0,0.07,-0.07,0.0,-0.0,Raw,VD-MM/GBSA
L-B-GLY-375,0.0,0.1,-0.1,0.0,-0.0,Raw,VD-MM/GBSA
L-B-VAL-376,-0.0,0.17,-0.17,0.0,-0.0,Raw,VD-MM/GBSA
L-B-GLY-377,-0.0,0.13,-0.13,0.0,-0.0,Raw,VD-MM/GBSA
L-B-PHE-378,0.0,0.1,-0.1,0.0,-0.0,Raw,VD-MM/GBSA
L-B-ALA-379,-0.0,0.13,-0.13,0.0,-0.0,Raw,VD-MM/GBSA
L-B-ILE-380,-0.0,0.16,-0.16,0.0,-0.0,Raw,VD-MM/GBSA
L-B-GLY-381,0.0,0.11,-0.11,0.0,0.0,Raw,VD-MM/GBSA
L-B-MET-382,0.0,0.08,-0.07,0.0,0.0,Raw,VD-MM/GBSA
L-B-VAL-383,0.0,0.16,-0.16,0.0,-0.0,Raw,VD-MM/GBSA
L-B-ASP-384,-0.0,-4.61,4.61,0.0,-0.0,Raw,VD-MM/GBSA
L-B-SER-385,0.0,0.17,-0.17,0.0,-0.0,Raw,VD-MM/GBSA
L-B-SER-386,-0.0,0.17,-0.17,0.0,-0.0,Raw,VD-MM/GBSA
L-B-MET-387,-0.0,0.14,-0.14,0.0,-0.0,Raw,VD-MM/GBSA
L-B-MET-388,-0.0,0.18,-0.18,0.0,-0.0,Raw,VD-MM/GBSA
L-B-PRO-389,-0.0,0.1,-0.1,0.0,-0.0,Raw,VD-MM/GBSA
L-B-ILE-390,0.0,0.12,-0.12,0.0,0.0,Raw,VD-MM/GBSA
L-B-MET-391,0.0,0.04,-0.04,0.0,-0.0,Raw,VD-MM/GBSA
L-B-GLY-392,0.0,0.06,-0.06,0.0,-0.0,Raw,VD-MM/GBSA
L-B-TYR-393,-0.0,0.15,-0.15,0.0,-0.0,Raw,VD-MM/GBSA
L-B-LEU-394,-0.0,0.09,-0.09,0.0,-0.0,Raw,VD-MM/GBSA
L-B-VAL-395,-0.0,-0.01,0.01,0.0,-0.0,Raw,VD-MM/GBSA
L-B-ASP-396,0.0,-0.98,0.97,0.0,-0.01,Raw,VD-MM/GBSA
L-B-LEU-397,-0.0,0.08,-0.08,0.0,-0.0,Raw,VD-MM/GBSA
L-B-ARG-398,0.0,2.38,-2.37,0.0,0.0,Raw,VD-MM/GBSA
L-B-HIE-399,-0.0,0.09,-0.09,0.0,0.0,Raw,VD-MM/GBSA
L-B-VAL-400,0.0,-0.13,0.13,0.0,0.0,Raw,VD-MM/GBSA
L-B-SER-401,0.0,0.03,-0.03,0.0,-0.0,Raw,VD-MM/GBSA
L-B-VAL-402,-0.0,-0.05,0.05,0.0,-0.0,Raw,VD-MM/GBSA
L-B-TYR-403,-0.0,-0.11,0.11,0.0,-0.0,Raw,VD-MM/GBSA
L-B-GLY-404,0.0,-0.19,0.19,0.0,0.0,Raw,VD-MM/GBSA
L-B-SER-405,-0.0,-0.12,0.12,0.0,-0.0,Raw,VD-MM/GBSA
L-B-VAL-406,-0.0,-0.18,0.18,0.0,-0.0,Raw,VD-MM/GBSA
L-B-TYR-407,-0.0,-0.11,0.11,0.0,-0.0,Raw,VD-MM/GBSA
L-B-ALA-408,-0.0,-0.18,0.18,0.0,-0.0,Raw,VD-MM/GBSA
L-B-ILE-409,-0.0,-0.17,0.17,0.0,-0.0,Raw,VD-MM/GBSA
L-B-ALA-410,-0.0,-0.17,0.17,0.0,-0.0,Raw,VD-MM/GBSA
L-B-ASP-411,-0.0,-4.7,4.7,0.0,-0.0,Raw,VD-MM/GBSA
L-B-VAL-412,-0.0,-0.19,0.19,0.0,-0.0,Raw,VD-MM/GBSA
L-B-ALA-413,-0.0,-0.16,0.16,0.0,-0.0,Raw,VD-MM/GBSA
L-B-PHE-414,-0.0,-0.14,0.14,0.0,-0.0,Raw,VD-MM/GBSA
L-B-CYS-415,-0.0,-0.2,0.2,0.0,-0.0,Raw,VD-MM/GBSA
L-B-MET-416,-0.0,-0.12,0.12,0.0,-0.0,Raw,VD-MM/GBSA
L-B-GLY-417,0.0,-0.1,0.09,0.0,-0.0,Raw,VD-MM/GBSA
L-B-TYR-418,-0.0,-0.08,0.08,0.0,-0.0,Raw,VD-MM/GBSA
L-B-ALA-419,-0.0,-0.13,0.13,0.0,-0.0,Raw,VD-MM/GBSA
L-B-ILE-420,0.0,-0.15,0.15,0.0,0.0,Raw,VD-MM/GBSA
L-B-GLY-421,-0.0,-0.1,0.1,0.0,-0.0,Raw,VD-MM/GBSA
L-B-PRO-422,-0.0,-0.14,0.15,0.0,0.0,Raw,VD-MM/GBSA
L-B-SER-423,-0.0,-0.13,0.13,0.0,-0.0,Raw,VD-MM/GBSA
L-B-ALA-424,0.0,-0.08,0.08,0.0,-0.0,Raw,VD-MM/GBSA
L-B-GLY-425,0.0,0.04,-0.04,0.0,0.0,Raw,VD-MM/GBSA
L-B-GLY-426,0.0,0.07,-0.07,0.0,-0.0,Raw,VD-MM/GBSA
L-B-ALA-427,0.0,-0.03,0.04,0.0,0.0,Raw,VD-MM/GBSA
L-B-ILE-428,0.0,-0.03,0.03,0.0,0.0,Raw,VD-MM/GBSA
L-B-ALA-429,0.0,0.08,-0.07,0.0,0.0,Raw,VD-MM/GBSA
L-B-LYS-430,0.0,9.54,-9.54,0.0,-0.0,Raw,VD-MM/GBSA
L-B-ALA-431,0.0,-0.01,0.01,0.0,-0.0,Raw,VD-MM/GBSA
L-B-ILE-432,0.0,0.04,-0.04,0.0,-0.0,Raw,VD-MM/GBSA
L-B-GLY-433,0.0,0.16,-0.16,0.0,0.0,Raw,VD-MM/GBSA
L-B-PHE-434,0.0,0.12,-0.12,0.0,-0.0,Raw,VD-MM/GBSA
L-B-PRO-435,-0.0,0.08,-0.08,0.0,-0.0,Raw,VD-MM/GBSA
L-B-TRP-436,0.0,0.16,-0.16,0.0,0.0,Raw,VD-MM/GBSA
L-B-LEU-437,0.0,0.15,-0.15,0.0,0.0,Raw,VD-MM/GBSA
L-B-MET-438,-0.0,0.13,-0.13,0.0,-0.0,Raw,VD-MM/GBSA
L-B-THR-439,0.0,0.08,-0.08,0.0,-0.0,Raw,VD-MM/GBSA
L-B-ILE-440,0.0,0.12,-0.12,0.0,0.0,Raw,VD-MM/GBSA
L-B-ILE-441,0.0,0.14,-0.14,0.0,-0.0,Raw,VD-MM/GBSA
L-B-GLY-442,0.0,0.09,-0.09,0.0,-0.0,Raw,VD-MM/GBSA
L-B-ILE-443,-0.0,0.09,-0.09,0.0,-0.0,Raw,VD-MM/GBSA
L-B-ILE-444,-0.0,0.11,-0.11,0.0,-0.0,Raw,VD-MM/GBSA
L-B-ASP-445,0.0,-5.48,5.48,0.0,0.0,Raw,VD-MM/GBSA
L-B-ILE-446,-0.0,0.1,-0.1,0.0,-0.0,Raw,VD-MM/GBSA
L-B-LEU-447,0.0,0.09,-0.09,0.0,0.0,Raw,VD-MM/GBSA
L-B-PHE-448,-0.0,0.09,-0.09,0.0,-0.0,Raw,VD-MM/GBSA
L-B-ALA-449,0.0,0.08,-0.08,0.0,0.0,Raw,VD-MM/GBSA
L-B-PRO-450,0.0,0.07,-0.07,0.0,0.0,Raw,VD-MM/GBSA
L-B-LEU-451,-0.0,0.09,-0.09,0.0,0.0,Raw,VD-MM/GBSA
L-B-CYS-452,0.0,-3.55,3.55,0.0,-0.0,Raw,VD-MM/GBSA
